date,daily_ap_index
1996-01-01,12.272727272727275
1996-01-02,22.454545454545457
1996-01-03,22.454545454545457
1996-01-04,9.0
1996-01-05,12.272727272727275
1996-01-06,12.272727272727275
1996-01-07,9.0
1996-01-08,7.0
1996-01-09,5.0
1996-01-10,7.0
1996-01-11,7.0
1996-01-12,31.545454545454543
1996-01-13,48.0
1996-01-14,55.272727272727266
1996-01-15,39.81818181818183
1996-01-16,18.0
1996-01-17,27.0
1996-01-18,18.0
1996-01-19,31.545454545454543
1996-01-20,27.0
1996-01-21,12.272727272727275
1996-01-22,9.0
1996-01-23,12.272727272727275
1996-01-24,15.0
1996-01-25,9.0
1996-01-26,18.0
1996-01-27,12.272727272727275
1996-01-28,18.0
1996-01-29,31.545454545454543
1996-01-30,18.0
1996-01-31,18.0
1996-02-01,15.0
1996-02-02,18.0
1996-02-03,7.0
1996-02-04,12.272727272727275
1996-02-05,15.0
1996-02-06,7.0
1996-02-07,18.0
1996-02-08,9.0
1996-02-09,12.272727272727275
1996-02-10,27.0
1996-02-11,48.0
1996-02-12,22.454545454545457
1996-02-13,27.0
1996-02-14,31.545454545454543
1996-02-15,18.0
1996-02-16,15.0
1996-02-17,18.0
1996-02-18,27.0
1996-02-19,12.272727272727275
1996-02-20,15.0
1996-02-21,9.0
1996-02-22,18.0
1996-02-23,31.545454545454543
1996-02-24,55.272727272727266
1996-02-25,39.81818181818183
1996-02-26,27.0
1996-02-27,27.0
1996-02-28,22.454545454545457
1996-02-29,22.454545454545457
1996-03-01,7.0
1996-03-02,7.0
1996-03-03,9.0
1996-03-04,15.0
1996-03-05,9.0
1996-03-06,9.0
1996-03-07,4.0
1996-03-08,22.454545454545457
1996-03-09,12.272727272727275
1996-03-10,22.454545454545457
1996-03-11,68.18181818181819
1996-03-12,22.454545454545457
1996-03-13,48.0
1996-03-14,15.0
1996-03-15,9.0
1996-03-16,18.0
1996-03-17,31.545454545454543
1996-03-18,18.0
1996-03-19,22.454545454545457
1996-03-20,48.0
1996-03-21,68.18181818181819
1996-03-22,31.545454545454543
1996-03-23,15.0
1996-03-24,48.0
1996-03-25,39.81818181818183
1996-03-26,18.0
1996-03-27,18.0
1996-03-28,22.454545454545457
1996-03-29,9.0
1996-03-30,7.0
1996-03-31,9.0
1996-04-01,15.0
1996-04-02,9.0
1996-04-03,15.0
1996-04-04,27.0
1996-04-05,15.0
1996-04-06,5.0
1996-04-07,4.0
1996-04-08,15.0
1996-04-09,15.0
1996-04-10,15.0
1996-04-11,18.0
1996-04-12,39.81818181818183
1996-04-13,27.0
1996-04-14,132.0
1996-04-15,48.0
1996-04-16,18.0
1996-04-17,55.272727272727266
1996-04-18,55.272727272727266
1996-04-19,48.0
1996-04-20,27.0
1996-04-21,22.454545454545457
1996-04-22,22.454545454545457
1996-04-23,18.0
1996-04-24,9.0
1996-04-25,9.0
1996-04-26,7.0
1996-04-27,18.0
1996-04-28,7.0
1996-04-29,7.0
1996-04-30,7.0
1996-05-01,12.272727272727275
1996-05-02,7.0
1996-05-03,12.272727272727275
1996-05-04,15.0
1996-05-05,15.0
1996-05-06,7.0
1996-05-07,7.0
1996-05-08,9.0
1996-05-09,7.0
1996-05-10,7.0
1996-05-11,7.0
1996-05-12,9.0
1996-05-13,22.454545454545457
1996-05-14,22.454545454545457
1996-05-15,15.0
1996-05-16,18.0
1996-05-17,18.0
1996-05-18,5.0
1996-05-19,15.0
1996-05-20,22.454545454545457
1996-05-21,15.0
1996-05-22,15.0
1996-05-23,7.0
1996-05-24,15.0
1996-05-25,12.272727272727275
1996-05-26,12.272727272727275
1996-05-27,22.454545454545457
1996-05-28,7.0
1996-05-29,15.0
1996-05-30,12.272727272727275
1996-05-31,12.272727272727275
1996-06-01,5.0
1996-06-02,7.0
1996-06-03,7.0
1996-06-04,7.0
1996-06-05,12.272727272727275
1996-06-06,31.545454545454543
1996-06-07,7.0
1996-06-08,9.0
1996-06-09,7.0
1996-06-10,7.0
1996-06-11,7.0
1996-06-12,5.0
1996-06-13,4.0
1996-06-14,4.0
1996-06-15,12.272727272727275
1996-06-16,7.0
1996-06-17,12.272727272727275
1996-06-18,22.454545454545457
1996-06-19,31.545454545454543
1996-06-20,9.0
1996-06-21,7.0
1996-06-22,5.0
1996-06-23,7.0
1996-06-24,12.272727272727275
1996-06-25,7.0
1996-06-26,7.0
1996-06-27,15.0
1996-06-28,12.272727272727275
1996-06-29,15.0
1996-06-30,7.0
1996-07-01,18.0
1996-07-02,12.272727272727275
1996-07-03,18.0
1996-07-04,18.0
1996-07-05,22.454545454545457
1996-07-06,7.0
1996-07-07,12.272727272727275
1996-07-08,18.0
1996-07-09,7.0
1996-07-10,4.0
1996-07-11,7.0
1996-07-12,12.272727272727275
1996-07-13,15.0
1996-07-14,15.0
1996-07-15,18.0
1996-07-16,7.0
1996-07-17,15.0
1996-07-18,9.0
1996-07-19,7.0
1996-07-20,12.272727272727275
1996-07-21,12.272727272727275
1996-07-22,12.272727272727275
1996-07-23,7.0
1996-07-24,7.0
1996-07-25,9.0
1996-07-26,7.0
1996-07-27,5.0
1996-07-28,31.545454545454543
1996-07-29,7.0
1996-07-30,12.272727272727275
1996-07-31,27.0
1996-08-01,18.0
1996-08-02,15.0
1996-08-03,12.272727272727275
1996-08-04,7.0
1996-08-05,9.0
1996-08-06,15.0
1996-08-07,12.272727272727275
1996-08-08,5.0
1996-08-09,12.272727272727275
1996-08-10,7.0
1996-08-11,7.0
1996-08-12,7.0
1996-08-13,12.272727272727275
1996-08-14,22.454545454545457
1996-08-15,9.0
1996-08-16,18.0
1996-08-17,22.454545454545457
1996-08-18,7.0
1996-08-19,5.0
1996-08-20,12.272727272727275
1996-08-21,7.0
1996-08-22,9.0
1996-08-23,18.0
1996-08-24,15.0
1996-08-25,22.454545454545457
1996-08-26,18.0
1996-08-27,22.454545454545457
1996-08-28,18.0
1996-08-29,68.18181818181819
1996-08-30,48.0
1996-08-31,18.0
1996-09-01,12.272727272727275
1996-09-02,7.0
1996-09-03,4.0
1996-09-04,31.545454545454543
1996-09-05,9.0
1996-09-06,9.0
1996-09-07,12.272727272727275
1996-09-08,12.272727272727275
1996-09-09,31.545454545454543
1996-09-10,48.0
1996-09-11,31.545454545454543
1996-09-12,48.0
1996-09-13,39.81818181818183
1996-09-14,22.454545454545457
1996-09-15,48.0
1996-09-16,27.0
1996-09-17,15.0
1996-09-18,27.0
1996-09-19,48.0
1996-09-20,68.18181818181819
1996-09-21,48.0
1996-09-22,55.272727272727266
1996-09-23,48.0
1996-09-24,12.272727272727275
1996-09-25,22.454545454545457
1996-09-26,92.72727272727272
1996-09-27,31.545454545454543
1996-09-28,31.545454545454543
1996-09-29,12.272727272727275
1996-09-30,7.0
1996-10-01,9.0
1996-10-02,18.0
1996-10-03,22.454545454545457
1996-10-04,12.272727272727275
1996-10-05,4.0
1996-10-06,5.0
1996-10-07,7.0
1996-10-08,27.0
1996-10-09,39.81818181818183
1996-10-10,27.0
1996-10-11,12.272727272727275
1996-10-12,22.454545454545457
1996-10-13,48.0
1996-10-14,31.545454545454543
1996-10-15,9.0
1996-10-16,18.0
1996-10-17,15.0
1996-10-18,55.272727272727266
1996-10-19,55.272727272727266
1996-10-20,27.0
1996-10-21,12.272727272727275
1996-10-22,112.90909090909092
1996-10-23,152.0
1996-10-24,22.454545454545457
1996-10-25,15.0
1996-10-26,12.272727272727275
1996-10-27,9.0
1996-10-28,22.454545454545457
1996-10-29,18.0
1996-10-30,31.545454545454543
1996-10-31,18.0
1996-11-01,7.0
1996-11-02,4.0
1996-11-03,7.0
1996-11-04,15.0
1996-11-05,9.0
1996-11-06,15.0
1996-11-07,7.0
1996-11-08,7.0
1996-11-09,22.454545454545457
1996-11-10,22.454545454545457
1996-11-11,7.0
1996-11-12,18.0
1996-11-13,48.0
1996-11-14,55.272727272727266
1996-11-15,27.0
1996-11-16,5.0
1996-11-17,27.0
1996-11-18,27.0
1996-11-19,15.0
1996-11-20,18.0
1996-11-21,15.0
1996-11-22,7.0
1996-11-23,7.0
1996-11-24,39.81818181818183
1996-11-25,12.272727272727275
1996-11-26,12.272727272727275
1996-11-27,27.0
1996-11-28,15.0
1996-11-29,9.0
1996-11-30,4.0
1996-12-01,5.0
1996-12-02,27.0
1996-12-03,15.0
1996-12-04,22.454545454545457
1996-12-05,4.0
1996-12-06,4.0
1996-12-07,7.0
1996-12-08,4.0
1996-12-09,48.0
1996-12-10,48.0
1996-12-11,27.0
1996-12-12,12.272727272727275
1996-12-13,9.0
1996-12-14,12.272727272727275
1996-12-15,22.454545454545457
1996-12-16,18.0
1996-12-17,15.0
1996-12-18,9.0
1996-12-19,4.0
1996-12-20,4.0
1996-12-21,12.272727272727275
1996-12-22,22.454545454545457
1996-12-23,22.454545454545457
1996-12-24,7.0
1996-12-25,7.0
1996-12-26,7.0
1996-12-27,7.0
1996-12-28,7.0
1996-12-29,15.0
1996-12-30,18.0
1996-12-31,9.0
1997-01-01,7.0
1997-01-02,7.0
1997-01-03,5.0
1997-01-04,5.0
1997-01-05,5.0
1997-01-06,5.0
1997-01-07,27.0
1997-01-08,18.0
1997-01-09,9.0
1997-01-10,80.0
1997-01-11,39.81818181818183
1997-01-12,39.81818181818183
1997-01-13,12.272727272727275
1997-01-14,7.0
1997-01-15,7.0
1997-01-16,4.0
1997-01-17,5.0
1997-01-18,15.0
1997-01-19,15.0
1997-01-20,15.0
1997-01-21,18.0
1997-01-22,9.0
1997-01-23,9.0
1997-01-24,9.0
1997-01-25,12.272727272727275
1997-01-26,39.81818181818183
1997-01-27,27.0
1997-01-28,39.81818181818183
1997-01-29,15.0
1997-01-30,27.0
1997-01-31,15.0
1997-02-01,9.0
1997-02-02,18.0
1997-02-03,22.454545454545457
1997-02-04,7.0
1997-02-05,15.0
1997-02-06,22.454545454545457
1997-02-07,12.272727272727275
1997-02-08,68.18181818181819
1997-02-09,55.272727272727266
1997-02-10,27.0
1997-02-11,31.545454545454543
1997-02-12,18.0
1997-02-13,7.0
1997-02-14,9.0
1997-02-15,12.272727272727275
1997-02-16,15.0
1997-02-17,31.545454545454543
1997-02-18,12.272727272727275
1997-02-19,7.0
1997-02-20,7.0
1997-02-21,18.0
1997-02-22,18.0
1997-02-23,18.0
1997-02-24,15.0
1997-02-25,15.0
1997-02-26,27.0
1997-02-27,132.0
1997-02-28,92.72727272727272
1997-03-01,27.0
1997-03-02,22.454545454545457
1997-03-03,18.0
1997-03-04,7.0
1997-03-05,22.454545454545457
1997-03-06,18.0
1997-03-07,15.0
1997-03-08,9.0
1997-03-09,4.0
1997-03-10,5.0
1997-03-11,9.0
1997-03-12,18.0
1997-03-13,12.272727272727275
1997-03-14,7.0
1997-03-15,18.0
1997-03-16,12.272727272727275
1997-03-17,9.0
1997-03-18,12.272727272727275
1997-03-19,7.0
1997-03-20,5.0
1997-03-21,7.0
1997-03-22,22.454545454545457
1997-03-23,7.0
1997-03-24,22.454545454545457
1997-03-25,22.454545454545457
1997-03-26,22.454545454545457
1997-03-27,18.0
1997-03-28,68.18181818181819
1997-03-29,39.81818181818183
1997-03-30,22.454545454545457
1997-03-31,9.0
1997-04-01,31.545454545454543
1997-04-02,15.0
1997-04-03,22.454545454545457
1997-04-04,27.0
1997-04-05,22.454545454545457
1997-04-06,18.0
1997-04-07,15.0
1997-04-08,7.0
1997-04-09,12.272727272727275
1997-04-10,48.0
1997-04-11,112.90909090909092
1997-04-12,18.0
1997-04-13,18.0
1997-04-14,7.0
1997-04-15,7.0
1997-04-16,48.0
1997-04-17,55.272727272727266
1997-04-18,22.454545454545457
1997-04-19,18.0
1997-04-20,7.0
1997-04-21,39.81818181818183
1997-04-22,55.272727272727266
1997-04-23,22.454545454545457
1997-04-24,39.81818181818183
1997-04-25,9.0
1997-04-26,4.0
1997-04-27,7.0
1997-04-28,4.0
1997-04-29,7.0
1997-04-30,18.0
1997-05-01,92.72727272727272
1997-05-02,48.0
1997-05-03,15.0
1997-05-04,15.0
1997-05-05,15.0
1997-05-06,5.0
1997-05-07,7.0
1997-05-08,7.0
1997-05-09,5.0
1997-05-10,5.0
1997-05-11,9.0
1997-05-12,4.0
1997-05-13,4.0
1997-05-14,12.272727272727275
1997-05-15,112.90909090909092
1997-05-16,22.454545454545457
1997-05-17,22.454545454545457
1997-05-18,7.0
1997-05-19,4.0
1997-05-20,7.0
1997-05-21,5.0
1997-05-22,5.0
1997-05-23,4.0
1997-05-24,9.0
1997-05-25,7.0
1997-05-26,18.0
1997-05-27,80.0
1997-05-28,9.0
1997-05-29,5.0
1997-05-30,12.272727272727275
1997-05-31,12.272727272727275
1997-06-01,9.0
1997-06-02,12.272727272727275
1997-06-03,15.0
1997-06-04,7.0
1997-06-05,4.0
1997-06-06,15.0
1997-06-07,18.0
1997-06-08,27.0
1997-06-09,68.18181818181819
1997-06-10,7.0
1997-06-11,7.0
1997-06-12,7.0
1997-06-13,4.0
1997-06-14,4.0
1997-06-15,7.0
1997-06-16,7.0
1997-06-17,5.0
1997-06-18,5.0
1997-06-19,15.0
1997-06-20,5.0
1997-06-21,4.0
1997-06-22,15.0
1997-06-23,9.0
1997-06-24,5.0
1997-06-25,12.272727272727275
1997-06-26,7.0
1997-06-27,39.81818181818183
1997-06-28,15.0
1997-06-29,18.0
1997-06-30,7.0
1997-07-01,5.0
1997-07-02,7.0
1997-07-03,9.0
1997-07-04,12.272727272727275
1997-07-05,7.0
1997-07-06,7.0
1997-07-07,27.0
1997-07-08,5.0
1997-07-09,22.454545454545457
1997-07-10,9.0
1997-07-11,7.0
1997-07-12,4.0
1997-07-13,4.0
1997-07-14,4.0
1997-07-15,22.454545454545457
1997-07-16,7.0
1997-07-17,15.0
1997-07-18,18.0
1997-07-19,15.0
1997-07-20,9.0
1997-07-21,7.0
1997-07-22,7.0
1997-07-23,9.0
1997-07-24,22.454545454545457
1997-07-25,9.0
1997-07-26,7.0
1997-07-27,7.0
1997-07-28,7.0
1997-07-29,5.0
1997-07-30,15.0
1997-07-31,31.545454545454543
1997-08-01,9.0
1997-08-02,9.0
1997-08-03,48.0
1997-08-04,12.272727272727275
1997-08-05,5.0
1997-08-06,5.0
1997-08-07,9.0
1997-08-08,7.0
1997-08-09,15.0
1997-08-10,12.272727272727275
1997-08-11,18.0
1997-08-12,15.0
1997-08-13,22.454545454545457
1997-08-14,39.81818181818183
1997-08-15,9.0
1997-08-16,12.272727272727275
1997-08-17,22.454545454545457
1997-08-18,15.0
1997-08-19,7.0
1997-08-20,9.0
1997-08-21,18.0
1997-08-22,12.272727272727275
1997-08-23,7.0
1997-08-24,9.0
1997-08-25,7.0
1997-08-26,4.0
1997-08-27,7.0
1997-08-28,31.545454545454543
1997-08-29,27.0
1997-08-30,15.0
1997-08-31,4.0
1997-09-01,7.0
1997-09-02,7.0
1997-09-03,92.72727272727272
1997-09-04,48.0
1997-09-05,7.0
1997-09-06,12.272727272727275
1997-09-07,7.0
1997-09-08,22.454545454545457
1997-09-09,22.454545454545457
1997-09-10,39.81818181818183
1997-09-11,15.0
1997-09-12,31.545454545454543
1997-09-13,18.0
1997-09-14,18.0
1997-09-15,18.0
1997-09-16,15.0
1997-09-17,22.454545454545457
1997-09-18,48.0
1997-09-19,7.0
1997-09-20,9.0
1997-09-21,48.0
1997-09-22,31.545454545454543
1997-09-23,7.0
1997-09-24,7.0
1997-09-25,5.0
1997-09-26,7.0
1997-09-27,27.0
1997-09-28,27.0
1997-09-29,15.0
1997-09-30,18.0
1997-10-01,132.0
1997-10-02,12.272727272727275
1997-10-03,12.272727272727275
1997-10-04,7.0
1997-10-05,4.0
1997-10-06,7.0
1997-10-07,22.454545454545457
1997-10-08,27.0
1997-10-09,31.545454545454543
1997-10-10,92.72727272727272
1997-10-11,92.72727272727272
1997-10-12,12.272727272727275
1997-10-13,12.272727272727275
1997-10-14,7.0
1997-10-15,7.0
1997-10-16,7.0
1997-10-17,9.0
1997-10-18,7.0
1997-10-19,4.0
1997-10-20,9.0
1997-10-21,5.0
1997-10-22,7.0
1997-10-23,22.454545454545457
1997-10-24,55.272727272727266
1997-10-25,48.0
1997-10-26,39.81818181818183
1997-10-27,39.81818181818183
1997-10-28,27.0
1997-10-29,15.0
1997-10-30,12.272727272727275
1997-10-31,7.0
1997-11-01,18.0
1997-11-02,4.0
1997-11-03,9.0
1997-11-04,12.272727272727275
1997-11-05,18.0
1997-11-06,48.0
1997-11-07,132.0
1997-11-08,12.272727272727275
1997-11-09,27.0
1997-11-10,27.0
1997-11-11,22.454545454545457
1997-11-12,4.0
1997-11-13,5.0
1997-11-14,31.545454545454543
1997-11-15,15.0
1997-11-16,18.0
1997-11-17,27.0
1997-11-18,27.0
1997-11-19,7.0
1997-11-20,5.0
1997-11-21,5.0
1997-11-22,80.0
1997-11-23,152.0
1997-11-24,18.0
1997-11-25,4.0
1997-11-26,5.0
1997-11-27,4.0
1997-11-28,4.0
1997-11-29,4.0
1997-11-30,7.0
1997-12-01,12.272727272727275
1997-12-02,7.0
1997-12-03,9.0
1997-12-04,15.0
1997-12-05,12.272727272727275
1997-12-06,7.0
1997-12-07,7.0
1997-12-08,2.0
1997-12-09,4.0
1997-12-10,27.0
1997-12-11,18.0
1997-12-12,5.0
1997-12-13,4.0
1997-12-14,4.0
1997-12-15,9.0
1997-12-16,12.272727272727275
1997-12-17,9.0
1997-12-18,22.454545454545457
1997-12-19,7.0
1997-12-20,5.0
1997-12-21,12.272727272727275
1997-12-22,4.0
1997-12-23,7.0
1997-12-24,9.0
1997-12-25,4.0
1997-12-26,4.0
1997-12-27,2.0
1997-12-28,2.0
1997-12-29,5.0
1997-12-30,39.81818181818183
1997-12-31,4.0
1998-01-01,12.272727272727275
1998-01-02,7.0
1998-01-03,5.0
1998-01-04,7.0
1998-01-05,7.0
1998-01-06,31.545454545454543
1998-01-07,92.72727272727272
1998-01-08,18.0
1998-01-09,18.0
1998-01-10,12.272727272727275
1998-01-11,12.272727272727275
1998-01-12,7.0
1998-01-13,9.0
1998-01-14,7.0
1998-01-15,5.0
1998-01-16,18.0
1998-01-17,12.272727272727275
1998-01-18,18.0
1998-01-19,7.0
1998-01-20,27.0
1998-01-21,22.454545454545457
1998-01-22,12.272727272727275
1998-01-23,4.0
1998-01-24,12.272727272727275
1998-01-25,27.0
1998-01-26,4.0
1998-01-27,12.272727272727275
1998-01-28,5.0
1998-01-29,22.454545454545457
1998-01-30,31.545454545454543
1998-01-31,31.545454545454543
1998-02-01,15.0
1998-02-02,5.0
1998-02-03,7.0
1998-02-04,18.0
1998-02-05,5.0
1998-02-06,4.0
1998-02-07,4.0
1998-02-08,27.0
1998-02-09,27.0
1998-02-10,18.0
1998-02-11,31.545454545454543
1998-02-12,22.454545454545457
1998-02-13,12.272727272727275
1998-02-14,15.0
1998-02-15,12.272727272727275
1998-02-16,4.0
1998-02-17,68.18181818181819
1998-02-18,112.90909090909092
1998-02-19,9.0
1998-02-20,27.0
1998-02-21,7.0
1998-02-22,12.272727272727275
1998-02-23,15.0
1998-02-24,5.0
1998-02-25,7.0
1998-02-26,4.0
1998-02-27,9.0
1998-02-28,48.0
1998-03-01,27.0
1998-03-02,22.454545454545457
1998-03-03,15.0
1998-03-04,27.0
1998-03-05,22.454545454545457
1998-03-06,18.0
1998-03-07,7.0
1998-03-08,4.0
1998-03-09,5.0
1998-03-10,152.0
1998-03-11,55.272727272727266
1998-03-12,22.454545454545457
1998-03-13,18.0
1998-03-14,22.454545454545457
1998-03-15,48.0
1998-03-16,22.454545454545457
1998-03-17,15.0
1998-03-18,7.0
1998-03-19,7.0
1998-03-20,15.0
1998-03-21,92.72727272727272
1998-03-22,22.454545454545457
1998-03-23,12.272727272727275
1998-03-24,15.0
1998-03-25,39.81818181818183
1998-03-26,27.0
1998-03-27,18.0
1998-03-28,18.0
1998-03-29,39.81818181818183
1998-03-30,12.272727272727275
1998-03-31,22.454545454545457
1998-04-01,5.0
1998-04-02,9.0
1998-04-03,12.272727272727275
1998-04-04,18.0
1998-04-05,7.0
1998-04-06,7.0
1998-04-07,15.0
1998-04-08,15.0
1998-04-09,7.0
1998-04-10,31.545454545454543
1998-04-11,18.0
1998-04-12,27.0
1998-04-13,12.272727272727275
1998-04-14,12.272727272727275
1998-04-15,5.0
1998-04-16,12.272727272727275
1998-04-17,27.0
1998-04-18,15.0
1998-04-19,12.272727272727275
1998-04-20,22.454545454545457
1998-04-21,12.272727272727275
1998-04-22,12.272727272727275
1998-04-23,48.0
1998-04-24,68.18181818181819
1998-04-25,48.0
1998-04-26,48.0
1998-04-27,27.0
1998-04-28,15.0
1998-04-29,7.0
1998-04-30,27.0
1998-05-01,31.545454545454543
1998-05-02,112.90909090909092
1998-05-03,80.0
1998-05-04,309.0909090909089
1998-05-05,112.90909090909092
1998-05-06,9.0
1998-05-07,15.0
1998-05-08,31.545454545454543
1998-05-09,22.454545454545457
1998-05-10,15.0
1998-05-11,22.454545454545457
1998-05-12,22.454545454545457
1998-05-13,7.0
1998-05-14,5.0
1998-05-15,15.0
1998-05-16,27.0
1998-05-17,48.0
1998-05-18,15.0
1998-05-19,9.0
1998-05-20,31.545454545454543
1998-05-21,18.0
1998-05-22,18.0
1998-05-23,18.0
1998-05-24,22.454545454545457
1998-05-25,15.0
1998-05-26,15.0
1998-05-27,7.0
1998-05-28,15.0
1998-05-29,112.90909090909092
1998-05-30,39.81818181818183
1998-05-31,7.0
1998-06-01,7.0
1998-06-02,12.272727272727275
1998-06-03,27.0
1998-06-04,15.0
1998-06-05,27.0
1998-06-06,27.0
1998-06-07,31.545454545454543
1998-06-08,15.0
1998-06-09,15.0
1998-06-10,39.81818181818183
1998-06-11,15.0
1998-06-12,12.272727272727275
1998-06-13,12.272727272727275
1998-06-14,31.545454545454543
1998-06-15,15.0
1998-06-16,15.0
1998-06-17,5.0
1998-06-18,15.0
1998-06-19,27.0
1998-06-20,39.81818181818183
1998-06-21,22.454545454545457
1998-06-22,18.0
1998-06-23,31.545454545454543
1998-06-24,22.454545454545457
1998-06-25,15.0
1998-06-26,92.72727272727272
1998-06-27,7.0
1998-06-28,4.0
1998-06-29,7.0
1998-06-30,5.0
1998-07-01,12.272727272727275
1998-07-02,18.0
1998-07-03,18.0
1998-07-04,18.0
1998-07-05,27.0
1998-07-06,48.0
1998-07-07,7.0
1998-07-08,7.0
1998-07-09,31.545454545454543
1998-07-10,12.272727272727275
1998-07-11,27.0
1998-07-12,15.0
1998-07-13,9.0
1998-07-14,4.0
1998-07-15,12.272727272727275
1998-07-16,80.0
1998-07-17,12.272727272727275
1998-07-18,12.272727272727275
1998-07-19,7.0
1998-07-20,7.0
1998-07-21,22.454545454545457
1998-07-22,27.0
1998-07-23,55.272727272727266
1998-07-24,48.0
1998-07-25,18.0
1998-07-26,7.0
1998-07-27,7.0
1998-07-28,12.272727272727275
1998-07-29,12.272727272727275
1998-07-30,48.0
1998-07-31,48.0
1998-08-01,68.18181818181819
1998-08-02,9.0
1998-08-03,9.0
1998-08-04,12.272727272727275
1998-08-05,9.0
1998-08-06,152.0
1998-08-07,80.0
1998-08-08,12.272727272727275
1998-08-09,5.0
1998-08-10,22.454545454545457
1998-08-11,15.0
1998-08-12,15.0
1998-08-13,12.272727272727275
1998-08-14,12.272727272727275
1998-08-15,9.0
1998-08-16,5.0
1998-08-17,5.0
1998-08-18,7.0
1998-08-19,27.0
1998-08-20,27.0
1998-08-21,15.0
1998-08-22,31.545454545454543
1998-08-23,27.0
1998-08-24,15.0
1998-08-25,22.454545454545457
1998-08-26,92.72727272727272
1998-08-27,207.0
1998-08-28,48.0
1998-08-29,55.272727272727266
1998-08-30,22.454545454545457
1998-08-31,27.0
1998-09-01,27.0
1998-09-02,12.272727272727275
1998-09-03,18.0
1998-09-04,7.0
1998-09-05,12.272727272727275
1998-09-06,9.0
1998-09-07,15.0
1998-09-08,22.454545454545457
1998-09-09,18.0
1998-09-10,12.272727272727275
1998-09-11,15.0
1998-09-12,18.0
1998-09-13,12.272727272727275
1998-09-14,7.0
1998-09-15,9.0
1998-09-16,7.0
1998-09-17,15.0
1998-09-18,55.272727272727266
1998-09-19,12.272727272727275
1998-09-20,12.272727272727275
1998-09-21,22.454545454545457
1998-09-22,18.0
1998-09-23,15.0
1998-09-24,80.0
1998-09-25,233.36363636363643
1998-09-26,31.545454545454543
1998-09-27,18.0
1998-09-28,7.0
1998-09-29,15.0
1998-09-30,27.0
1998-10-01,55.272727272727266
1998-10-02,55.272727272727266
1998-10-03,31.545454545454543
1998-10-04,7.0
1998-10-05,7.0
1998-10-06,9.0
1998-10-07,68.18181818181819
1998-10-08,31.545454545454543
1998-10-09,27.0
1998-10-10,18.0
1998-10-11,15.0
1998-10-12,15.0
1998-10-13,7.0
1998-10-14,9.0
1998-10-15,12.272727272727275
1998-10-16,7.0
1998-10-17,12.272727272727275
1998-10-18,18.0
1998-10-19,112.90909090909092
1998-10-20,48.0
1998-10-21,39.81818181818183
1998-10-22,31.545454545454543
1998-10-23,27.0
1998-10-24,18.0
1998-10-25,27.0
1998-10-26,7.0
1998-10-27,39.81818181818183
1998-10-28,15.0
1998-10-29,18.0
1998-10-30,12.272727272727275
1998-10-31,18.0
1998-11-01,7.0
1998-11-02,9.0
1998-11-03,9.0
1998-11-04,12.272727272727275
1998-11-05,15.0
1998-11-06,31.545454545454543
1998-11-07,48.0
1998-11-08,181.54545454545456
1998-11-09,112.90909090909092
1998-11-10,22.454545454545457
1998-11-11,7.0
1998-11-12,7.0
1998-11-13,80.0
1998-11-14,68.18181818181819
1998-11-15,18.0
1998-11-16,12.272727272727275
1998-11-17,15.0
1998-11-18,9.0
1998-11-19,12.272727272727275
1998-11-20,18.0
1998-11-21,9.0
1998-11-22,9.0
1998-11-23,18.0
1998-11-24,27.0
1998-11-25,22.454545454545457
1998-11-26,18.0
1998-11-27,15.0
1998-11-28,15.0
1998-11-29,22.454545454545457
1998-11-30,31.545454545454543
1998-12-01,18.0
1998-12-02,7.0
1998-12-03,18.0
1998-12-04,18.0
1998-12-05,22.454545454545457
1998-12-06,9.0
1998-12-07,12.272727272727275
1998-12-08,7.0
1998-12-09,18.0
1998-12-10,18.0
1998-12-11,55.272727272727266
1998-12-12,18.0
1998-12-13,5.0
1998-12-14,7.0
1998-12-15,15.0
1998-12-16,18.0
1998-12-17,2.0
1998-12-18,5.0
1998-12-19,22.454545454545457
1998-12-20,15.0
1998-12-21,5.0
1998-12-22,12.272727272727275
1998-12-23,9.0
1998-12-24,5.0
1998-12-25,27.0
1998-12-26,27.0
1998-12-27,7.0
1998-12-28,22.454545454545457
1998-12-29,48.0
1998-12-30,12.272727272727275
1998-12-31,7.0
1999-01-01,12.272727272727275
1999-01-02,9.0
1999-01-03,9.0
1999-01-04,12.272727272727275
1999-01-05,18.0
1999-01-06,18.0
1999-01-07,15.0
1999-01-08,27.0
1999-01-09,22.454545454545457
1999-01-10,15.0
1999-01-11,7.0
1999-01-12,9.0
1999-01-13,132.0
1999-01-14,55.272727272727266
1999-01-15,39.81818181818183
1999-01-16,18.0
1999-01-17,12.272727272727275
1999-01-18,15.0
1999-01-19,7.0
1999-01-20,18.0
1999-01-21,15.0
1999-01-22,27.0
1999-01-23,48.0
1999-01-24,31.545454545454543
1999-01-25,22.454545454545457
1999-01-26,9.0
1999-01-27,15.0
1999-01-28,12.272727272727275
1999-01-29,9.0
1999-01-30,7.0
1999-01-31,7.0
1999-02-01,2.0
1999-02-02,4.0
1999-02-03,9.0
1999-02-04,15.0
1999-02-05,15.0
1999-02-06,22.454545454545457
1999-02-07,18.0
1999-02-08,7.0
1999-02-09,7.0
1999-02-10,9.0
1999-02-11,27.0
1999-02-12,31.545454545454543
1999-02-13,12.272727272727275
1999-02-14,15.0
1999-02-15,27.0
1999-02-16,7.0
1999-02-17,48.0
1999-02-18,112.90909090909092
1999-02-19,68.18181818181819
1999-02-20,9.0
1999-02-21,12.272727272727275
1999-02-22,9.0
1999-02-23,18.0
1999-02-24,18.0
1999-02-25,22.454545454545457
1999-02-26,4.0
1999-02-27,7.0
1999-02-28,55.272727272727266
1999-03-01,68.18181818181819
1999-03-02,68.18181818181819
1999-03-03,39.81818181818183
1999-03-04,48.0
1999-03-05,39.81818181818183
1999-03-06,39.81818181818183
1999-03-07,39.81818181818183
1999-03-08,31.545454545454543
1999-03-09,31.545454545454543
1999-03-10,92.72727272727272
1999-03-11,22.454545454545457
1999-03-12,18.0
1999-03-13,18.0
1999-03-14,27.0
1999-03-15,31.545454545454543
1999-03-16,5.0
1999-03-17,12.272727272727275
1999-03-18,9.0
1999-03-19,15.0
1999-03-20,7.0
1999-03-21,12.272727272727275
1999-03-22,7.0
1999-03-23,9.0
1999-03-24,7.0
1999-03-25,18.0
1999-03-26,12.272727272727275
1999-03-27,9.0
1999-03-28,9.0
1999-03-29,68.18181818181819
1999-03-30,27.0
1999-03-31,31.545454545454543
1999-04-01,31.545454545454543
1999-04-02,18.0
1999-04-03,22.454545454545457
1999-04-04,27.0
1999-04-05,18.0
1999-04-06,27.0
1999-04-07,22.454545454545457
1999-04-08,27.0
1999-04-09,9.0
1999-04-10,22.454545454545457
1999-04-11,15.0
1999-04-12,22.454545454545457
1999-04-13,5.0
1999-04-14,15.0
1999-04-15,5.0
1999-04-16,48.0
1999-04-17,152.0
1999-04-18,12.272727272727275
1999-04-19,22.454545454545457
1999-04-20,31.545454545454543
1999-04-21,31.545454545454543
1999-04-22,7.0
1999-04-23,7.0
1999-04-24,9.0
1999-04-25,9.0
1999-04-26,9.0
1999-04-27,31.545454545454543
1999-04-28,39.81818181818183
1999-04-29,39.81818181818183
1999-04-30,31.545454545454543
1999-05-01,27.0
1999-05-02,18.0
1999-05-03,15.0
1999-05-04,5.0
1999-05-05,15.0
1999-05-06,12.272727272727275
1999-05-07,12.272727272727275
1999-05-08,7.0
1999-05-09,7.0
1999-05-10,7.0
1999-05-11,2.0
1999-05-12,18.0
1999-05-13,48.0
1999-05-14,15.0
1999-05-15,7.0
1999-05-16,5.0
1999-05-17,4.0
1999-05-18,48.0
1999-05-19,15.0
1999-05-20,12.272727272727275
1999-05-21,12.272727272727275
1999-05-22,5.0
1999-05-23,18.0
1999-05-24,27.0
1999-05-25,27.0
1999-05-26,9.0
1999-05-27,15.0
1999-05-28,9.0
1999-05-29,7.0
1999-05-30,9.0
1999-05-31,5.0
1999-06-01,9.0
1999-06-02,31.545454545454543
1999-06-03,18.0
1999-06-04,12.272727272727275
1999-06-05,7.0
1999-06-06,5.0
1999-06-07,9.0
1999-06-08,22.454545454545457
1999-06-09,27.0
1999-06-10,9.0
1999-06-11,7.0
1999-06-12,9.0
1999-06-13,7.0
1999-06-14,4.0
1999-06-15,18.0
1999-06-16,12.272727272727275
1999-06-17,9.0
1999-06-18,12.272727272727275
1999-06-19,7.0
1999-06-20,5.0
1999-06-21,4.0
1999-06-22,5.0
1999-06-23,7.0
1999-06-24,7.0
1999-06-25,7.0
1999-06-26,39.81818181818183
1999-06-27,55.272727272727266
1999-06-28,80.0
1999-06-29,9.0
1999-06-30,5.0
1999-07-01,12.272727272727275
1999-07-02,48.0
1999-07-03,22.454545454545457
1999-07-04,4.0
1999-07-05,7.0
1999-07-06,15.0
1999-07-07,7.0
1999-07-08,9.0
1999-07-09,9.0
1999-07-10,7.0
1999-07-11,9.0
1999-07-12,18.0
1999-07-13,7.0
1999-07-14,15.0
1999-07-15,15.0
1999-07-16,5.0
1999-07-17,5.0
1999-07-18,5.0
1999-07-19,7.0
1999-07-20,12.272727272727275
1999-07-21,39.81818181818183
1999-07-22,39.81818181818183
1999-07-23,15.0
1999-07-24,18.0
1999-07-25,15.0
1999-07-26,9.0
1999-07-27,9.0
1999-07-28,18.0
1999-07-29,15.0
1999-07-30,181.54545454545456
1999-07-31,55.272727272727266
1999-08-01,31.545454545454543
1999-08-02,9.0
1999-08-03,7.0
1999-08-04,18.0
1999-08-05,9.0
1999-08-06,27.0
1999-08-07,22.454545454545457
1999-08-08,22.454545454545457
1999-08-09,22.454545454545457
1999-08-10,9.0
1999-08-11,12.272727272727275
1999-08-12,12.272727272727275
1999-08-13,15.0
1999-08-14,7.0
1999-08-15,39.81818181818183
1999-08-16,55.272727272727266
1999-08-17,55.272727272727266
1999-08-18,48.0
1999-08-19,31.545454545454543
1999-08-20,68.18181818181819
1999-08-21,7.0
1999-08-22,31.545454545454543
1999-08-23,68.18181818181819
1999-08-24,68.18181818181819
1999-08-25,27.0
1999-08-26,27.0
1999-08-27,18.0
1999-08-28,15.0
1999-08-29,15.0
1999-08-30,48.0
1999-08-31,48.0
1999-09-01,31.545454545454543
1999-09-02,18.0
1999-09-03,27.0
1999-09-04,18.0
1999-09-05,15.0
1999-09-06,7.0
1999-09-07,31.545454545454543
1999-09-08,15.0
1999-09-09,22.454545454545457
1999-09-10,22.454545454545457
1999-09-11,27.0
1999-09-12,80.0
1999-09-13,80.0
1999-09-14,39.81818181818183
1999-09-15,68.18181818181819
1999-09-16,80.0
1999-09-17,31.545454545454543
1999-09-18,27.0
1999-09-19,18.0
1999-09-20,18.0
1999-09-21,22.454545454545457
1999-09-22,207.0
1999-09-23,92.72727272727272
1999-09-24,7.0
1999-09-25,5.0
1999-09-26,55.272727272727266
1999-09-27,68.18181818181819
1999-09-28,39.81818181818183
1999-09-29,39.81818181818183
1999-09-30,55.272727272727266
1999-10-01,15.0
1999-10-02,22.454545454545457
1999-10-03,12.272727272727275
1999-10-04,22.454545454545457
1999-10-05,27.0
1999-10-06,9.0
1999-10-07,9.0
1999-10-08,15.0
1999-10-09,15.0
1999-10-10,68.18181818181819
1999-10-11,48.0
1999-10-12,55.272727272727266
1999-10-13,39.81818181818183
1999-10-14,48.0
1999-10-15,48.0
1999-10-16,39.81818181818183
1999-10-17,39.81818181818183
1999-10-18,9.0
1999-10-19,15.0
1999-10-20,4.0
1999-10-21,48.0
1999-10-22,207.0
1999-10-23,55.272727272727266
1999-10-24,39.81818181818183
1999-10-25,22.454545454545457
1999-10-26,12.272727272727275
1999-10-27,39.81818181818183
1999-10-28,55.272727272727266
1999-10-29,12.272727272727275
1999-10-30,9.0
1999-10-31,22.454545454545457
1999-11-01,22.454545454545457
1999-11-02,12.272727272727275
1999-11-03,15.0
1999-11-04,9.0
1999-11-05,15.0
1999-11-06,22.454545454545457
1999-11-07,48.0
1999-11-08,39.81818181818183
1999-11-09,39.81818181818183
1999-11-10,22.454545454545457
1999-11-11,39.81818181818183
1999-11-12,15.0
1999-11-13,92.72727272727272
1999-11-14,15.0
1999-11-15,9.0
1999-11-16,31.545454545454543
1999-11-17,15.0
1999-11-18,22.454545454545457
1999-11-19,27.0
1999-11-20,18.0
1999-11-21,18.0
1999-11-22,22.454545454545457
1999-11-23,39.81818181818183
1999-11-24,48.0
1999-11-25,39.81818181818183
1999-11-26,7.0
1999-11-27,5.0
1999-11-28,12.272727272727275
1999-11-29,9.0
1999-11-30,18.0
1999-12-01,9.0
1999-12-02,9.0
1999-12-03,27.0
1999-12-04,48.0
1999-12-05,31.545454545454543
1999-12-06,31.545454545454543
1999-12-07,22.454545454545457
1999-12-08,22.454545454545457
1999-12-09,22.454545454545457
1999-12-10,18.0
1999-12-11,18.0
1999-12-12,22.454545454545457
1999-12-13,68.18181818181819
1999-12-14,5.0
1999-12-15,15.0
1999-12-16,7.0
1999-12-17,12.272727272727275
1999-12-18,12.272727272727275
1999-12-19,7.0
1999-12-20,7.0
1999-12-21,4.0
1999-12-22,2.0
1999-12-23,7.0
1999-12-24,27.0
1999-12-25,18.0
1999-12-26,7.0
1999-12-27,18.0
1999-12-28,18.0
1999-12-29,18.0
1999-12-30,31.545454545454543
1999-12-31,68.18181818181819
2000-01-01,55.272727272727266
2000-01-02,18.0
2000-01-03,18.0
2000-01-04,22.454545454545457
2000-01-05,27.0
2000-01-06,31.545454545454543
2000-01-07,18.0
2000-01-08,9.0
2000-01-09,7.0
2000-01-10,15.0
2000-01-11,55.272727272727266
2000-01-12,22.454545454545457
2000-01-13,15.0
2000-01-14,15.0
2000-01-15,7.0
2000-01-16,7.0
2000-01-17,5.0
2000-01-18,5.0
2000-01-19,15.0
2000-01-20,22.454545454545457
2000-01-21,4.0
2000-01-22,55.272727272727266
2000-01-23,92.72727272727272
2000-01-24,27.0
2000-01-25,12.272727272727275
2000-01-26,15.0
2000-01-27,31.545454545454543
2000-01-28,48.0
2000-01-29,39.81818181818183
2000-01-30,22.454545454545457
2000-01-31,18.0
2000-02-01,15.0
2000-02-02,18.0
2000-02-03,22.454545454545457
2000-02-04,7.0
2000-02-05,31.545454545454543
2000-02-06,48.0
2000-02-07,55.272727272727266
2000-02-08,22.454545454545457
2000-02-09,22.454545454545457
2000-02-10,18.0
2000-02-11,31.545454545454543
2000-02-12,112.90909090909092
2000-02-13,22.454545454545457
2000-02-14,55.272727272727266
2000-02-15,31.545454545454543
2000-02-16,12.272727272727275
2000-02-17,12.272727272727275
2000-02-18,2.0
2000-02-19,7.0
2000-02-20,22.454545454545457
2000-02-21,39.81818181818183
2000-02-22,9.0
2000-02-23,27.0
2000-02-24,39.81818181818183
2000-02-25,31.545454545454543
2000-02-26,27.0
2000-02-27,22.454545454545457
2000-02-28,27.0
2000-02-29,15.0
2000-03-01,31.545454545454543
2000-03-02,39.81818181818183
2000-03-03,9.0
2000-03-04,7.0
2000-03-05,15.0
2000-03-06,15.0
2000-03-07,22.454545454545457
2000-03-08,27.0
2000-03-09,9.0
2000-03-10,27.0
2000-03-11,22.454545454545457
2000-03-12,31.545454545454543
2000-03-13,12.272727272727275
2000-03-14,7.0
2000-03-15,4.0
2000-03-16,4.0
2000-03-17,7.0
2000-03-18,15.0
2000-03-19,15.0
2000-03-20,15.0
2000-03-21,7.0
2000-03-22,18.0
2000-03-23,22.454545454545457
2000-03-24,22.454545454545457
2000-03-25,15.0
2000-03-26,7.0
2000-03-27,5.0
2000-03-28,7.0
2000-03-29,31.545454545454543
2000-03-30,31.545454545454543
2000-03-31,39.81818181818183
2000-04-01,27.0
2000-04-02,27.0
2000-04-03,15.0
2000-04-04,48.0
2000-04-05,31.545454545454543
2000-04-06,233.36363636363643
2000-04-07,309.0909090909089
2000-04-08,15.0
2000-04-09,22.454545454545457
2000-04-10,27.0
2000-04-11,18.0
2000-04-12,12.272727272727275
2000-04-13,22.454545454545457
2000-04-14,5.0
2000-04-15,12.272727272727275
2000-04-16,31.545454545454543
2000-04-17,27.0
2000-04-18,12.272727272727275
2000-04-19,27.0
2000-04-20,18.0
2000-04-21,22.454545454545457
2000-04-22,7.0
2000-04-23,9.0
2000-04-24,55.272727272727266
2000-04-25,9.0
2000-04-26,4.0
2000-04-27,27.0
2000-04-28,39.81818181818183
2000-04-29,22.454545454545457
2000-04-30,31.545454545454543
2000-05-01,22.454545454545457
2000-05-02,39.81818181818183
2000-05-03,48.0
2000-05-04,9.0
2000-05-05,18.0
2000-05-06,18.0
2000-05-07,7.0
2000-05-08,7.0
2000-05-09,12.272727272727275
2000-05-10,12.272727272727275
2000-05-11,7.0
2000-05-12,27.0
2000-05-13,27.0
2000-05-14,22.454545454545457
2000-05-15,31.545454545454543
2000-05-16,31.545454545454543
2000-05-17,80.0
2000-05-18,18.0
2000-05-19,9.0
2000-05-20,9.0
2000-05-21,7.0
2000-05-22,12.272727272727275
2000-05-23,112.90909090909092
2000-05-24,207.0
2000-05-25,39.81818181818183
2000-05-26,22.454545454545457
2000-05-27,12.272727272727275
2000-05-28,12.272727272727275
2000-05-29,48.0
2000-05-30,31.545454545454543
2000-05-31,27.0
2000-06-01,15.0
2000-06-02,9.0
2000-06-03,18.0
2000-06-04,31.545454545454543
2000-06-05,39.81818181818183
2000-06-06,48.0
2000-06-07,22.454545454545457
2000-06-08,132.0
2000-06-09,9.0
2000-06-10,31.545454545454543
2000-06-11,48.0
2000-06-12,22.454545454545457
2000-06-13,18.0
2000-06-14,55.272727272727266
2000-06-15,68.18181818181819
2000-06-16,9.0
2000-06-17,9.0
2000-06-18,27.0
2000-06-19,15.0
2000-06-20,9.0
2000-06-21,18.0
2000-06-22,22.454545454545457
2000-06-23,55.272727272727266
2000-06-24,39.81818181818183
2000-06-25,18.0
2000-06-26,80.0
2000-06-27,31.545454545454543
2000-06-28,15.0
2000-06-29,18.0
2000-06-30,9.0
2000-07-01,12.272727272727275
2000-07-02,7.0
2000-07-03,12.272727272727275
2000-07-04,18.0
2000-07-05,18.0
2000-07-06,7.0
2000-07-07,7.0
2000-07-08,9.0
2000-07-09,9.0
2000-07-10,39.81818181818183
2000-07-11,55.272727272727266
2000-07-12,22.454545454545457
2000-07-13,132.0
2000-07-14,152.0
2000-07-15,400.0
2000-07-16,181.54545454545456
2000-07-17,15.0
2000-07-18,18.0
2000-07-19,31.545454545454543
2000-07-20,80.0
2000-07-21,12.272727272727275
2000-07-22,22.454545454545457
2000-07-23,80.0
2000-07-24,9.0
2000-07-25,7.0
2000-07-26,39.81818181818183
2000-07-27,22.454545454545457
2000-07-28,68.18181818181819
2000-07-29,68.18181818181819
2000-07-30,15.0
2000-07-31,55.272727272727266
2000-08-01,22.454545454545457
2000-08-02,18.0
2000-08-03,12.272727272727275
2000-08-04,22.454545454545457
2000-08-05,48.0
2000-08-06,31.545454545454543
2000-08-07,12.272727272727275
2000-08-08,9.0
2000-08-09,9.0
2000-08-10,55.272727272727266
2000-08-11,68.18181818181819
2000-08-12,181.54545454545456
2000-08-13,68.18181818181819
2000-08-14,31.545454545454543
2000-08-15,22.454545454545457
2000-08-16,9.0
2000-08-17,12.272727272727275
2000-08-18,7.0
2000-08-19,9.0
2000-08-20,9.0
2000-08-21,22.454545454545457
2000-08-22,5.0
2000-08-23,18.0
2000-08-24,15.0
2000-08-25,7.0
2000-08-26,7.0
2000-08-27,12.272727272727275
2000-08-28,55.272727272727266
2000-08-29,68.18181818181819
2000-08-30,22.454545454545457
2000-08-31,18.0
2000-09-01,22.454545454545457
2000-09-02,31.545454545454543
2000-09-03,15.0
2000-09-04,68.18181818181819
2000-09-05,15.0
2000-09-06,27.0
2000-09-07,18.0
2000-09-08,22.454545454545457
2000-09-09,9.0
2000-09-10,7.0
2000-09-11,9.0
2000-09-12,31.545454545454543
2000-09-13,27.0
2000-09-14,7.0
2000-09-15,48.0
2000-09-16,92.72727272727272
2000-09-17,233.36363636363643
2000-09-18,181.54545454545456
2000-09-19,80.0
2000-09-20,22.454545454545457
2000-09-21,15.0
2000-09-22,12.272727272727275
2000-09-23,15.0
2000-09-24,48.0
2000-09-25,27.0
2000-09-26,39.81818181818183
2000-09-27,18.0
2000-09-28,22.454545454545457
2000-09-29,9.0
2000-09-30,92.72727272727272
2000-10-01,27.0
2000-10-02,31.545454545454543
2000-10-03,55.272727272727266
2000-10-04,152.0
2000-10-05,181.54545454545456
2000-10-06,12.272727272727275
2000-10-07,9.0
2000-10-08,7.0
2000-10-09,7.0
2000-10-10,15.0
2000-10-11,39.81818181818183
2000-10-12,15.0
2000-10-13,112.90909090909092
2000-10-14,68.18181818181819
2000-10-15,15.0
2000-10-16,31.545454545454543
2000-10-17,15.0
2000-10-18,15.0
2000-10-19,15.0
2000-10-20,4.0
2000-10-21,7.0
2000-10-22,39.81818181818183
2000-10-23,27.0
2000-10-24,18.0
2000-10-25,12.272727272727275
2000-10-26,12.272727272727275
2000-10-27,9.0
2000-10-28,55.272727272727266
2000-10-29,80.0
2000-10-30,48.0
2000-10-31,27.0
2000-11-01,18.0
2000-11-02,12.272727272727275
2000-11-03,7.0
2000-11-04,48.0
2000-11-05,22.454545454545457
2000-11-06,132.0
2000-11-07,112.90909090909092
2000-11-08,39.81818181818183
2000-11-09,27.0
2000-11-10,92.72727272727272
2000-11-11,27.0
2000-11-12,27.0
2000-11-13,15.0
2000-11-14,12.272727272727275
2000-11-15,7.0
2000-11-16,9.0
2000-11-17,5.0
2000-11-18,15.0
2000-11-19,9.0
2000-11-20,15.0
2000-11-21,15.0
2000-11-22,12.272727272727275
2000-11-23,12.272727272727275
2000-11-24,22.454545454545457
2000-11-25,15.0
2000-11-26,68.18181818181819
2000-11-27,92.72727272727272
2000-11-28,48.0
2000-11-29,112.90909090909092
2000-11-30,7.0
2000-12-01,9.0
2000-12-02,7.0
2000-12-03,15.0
2000-12-04,15.0
2000-12-05,7.0
2000-12-06,15.0
2000-12-07,27.0
2000-12-08,27.0
2000-12-09,31.545454545454543
2000-12-10,18.0
2000-12-11,15.0
2000-12-12,9.0
2000-12-13,12.272727272727275
2000-12-14,5.0
2000-12-15,4.0
2000-12-16,7.0
2000-12-17,18.0
2000-12-18,12.272727272727275
2000-12-19,7.0
2000-12-20,5.0
2000-12-21,7.0
2000-12-22,22.454545454545457
2000-12-23,68.18181818181819
2000-12-24,15.0
2000-12-25,15.0
2000-12-26,12.272727272727275
2000-12-27,18.0
2000-12-28,15.0
2000-12-29,18.0
2000-12-30,5.0
2000-12-31,5.0
2001-01-01,4.0
2001-01-02,12.272727272727275
2001-01-03,22.454545454545457
2001-01-04,15.0
2001-01-05,15.0
2001-01-06,7.0
2001-01-07,7.0
2001-01-08,27.0
2001-01-09,7.0
2001-01-10,15.0
2001-01-11,12.272727272727275
2001-01-12,18.0
2001-01-13,12.272727272727275
2001-01-14,12.272727272727275
2001-01-15,15.0
2001-01-16,15.0
2001-01-17,15.0
2001-01-18,7.0
2001-01-19,7.0
2001-01-20,18.0
2001-01-21,27.0
2001-01-22,22.454545454545457
2001-01-23,39.81818181818183
2001-01-24,39.81818181818183
2001-01-25,12.272727272727275
2001-01-26,22.454545454545457
2001-01-27,9.0
2001-01-28,15.0
2001-01-29,48.0
2001-01-30,7.0
2001-01-31,27.0
2001-02-01,18.0
2001-02-02,15.0
2001-02-03,4.0
2001-02-04,4.0
2001-02-05,7.0
2001-02-06,31.545454545454543
2001-02-07,12.272727272727275
2001-02-08,12.272727272727275
2001-02-09,7.0
2001-02-10,9.0
2001-02-11,12.272727272727275
2001-02-12,12.272727272727275
2001-02-13,39.81818181818183
2001-02-14,22.454545454545457
2001-02-15,9.0
2001-02-16,7.0
2001-02-17,7.0
2001-02-18,4.0
2001-02-19,7.0
2001-02-20,12.272727272727275
2001-02-21,9.0
2001-02-22,7.0
2001-02-23,15.0
2001-02-24,7.0
2001-02-25,5.0
2001-02-26,22.454545454545457
2001-02-27,27.0
2001-02-28,18.0
2001-03-01,15.0
2001-03-02,18.0
2001-03-03,27.0
2001-03-04,39.81818181818183
2001-03-05,48.0
2001-03-06,12.272727272727275
2001-03-07,18.0
2001-03-08,12.272727272727275
2001-03-09,12.272727272727275
2001-03-10,9.0
2001-03-11,7.0
2001-03-12,22.454545454545457
2001-03-13,18.0
2001-03-14,15.0
2001-03-15,4.0
2001-03-16,5.0
2001-03-17,9.0
2001-03-18,15.0
2001-03-19,112.90909090909092
2001-03-20,152.0
2001-03-21,27.0
2001-03-22,31.545454545454543
2001-03-23,48.0
2001-03-24,22.454545454545457
2001-03-25,12.272727272727275
2001-03-26,7.0
2001-03-27,80.0
2001-03-28,92.72727272727272
2001-03-29,39.81818181818183
2001-03-30,18.0
2001-03-31,309.0909090909089
2001-04-01,68.18181818181819
2001-04-02,39.81818181818183
2001-04-03,12.272727272727275
2001-04-04,55.272727272727266
2001-04-05,31.545454545454543
2001-04-06,18.0
2001-04-07,39.81818181818183
2001-04-08,132.0
2001-04-09,48.0
2001-04-10,18.0
2001-04-11,233.36363636363643
2001-04-12,152.0
2001-04-13,152.0
2001-04-14,31.545454545454543
2001-04-15,31.545454545454543
2001-04-16,18.0
2001-04-17,9.0
2001-04-18,152.0
2001-04-19,12.272727272727275
2001-04-20,12.272727272727275
2001-04-21,18.0
2001-04-22,92.72727272727272
2001-04-23,31.545454545454543
2001-04-24,9.0
2001-04-25,9.0
2001-04-26,12.272727272727275
2001-04-27,5.0
2001-04-28,80.0
2001-04-29,31.545454545454543
2001-04-30,4.0
2001-05-01,7.0
2001-05-02,7.0
2001-05-03,9.0
2001-05-04,15.0
2001-05-05,4.0
2001-05-06,7.0
2001-05-07,27.0
2001-05-08,31.545454545454543
2001-05-09,55.272727272727266
2001-05-10,55.272727272727266
2001-05-11,18.0
2001-05-12,55.272727272727266
2001-05-13,55.272727272727266
2001-05-14,31.545454545454543
2001-05-15,22.454545454545457
2001-05-16,12.272727272727275
2001-05-17,9.0
2001-05-18,15.0
2001-05-19,27.0
2001-05-20,7.0
2001-05-21,5.0
2001-05-22,12.272727272727275
2001-05-23,18.0
2001-05-24,9.0
2001-05-25,12.272727272727275
2001-05-26,7.0
2001-05-27,31.545454545454543
2001-05-28,31.545454545454543
2001-05-29,18.0
2001-05-30,5.0
2001-05-31,4.0
2001-06-01,22.454545454545457
2001-06-02,55.272727272727266
2001-06-03,9.0
2001-06-04,15.0
2001-06-05,9.0
2001-06-06,9.0
2001-06-07,18.0
2001-06-08,12.272727272727275
2001-06-09,68.18181818181819
2001-06-10,68.18181818181819
2001-06-11,15.0
2001-06-12,7.0
2001-06-13,12.272727272727275
2001-06-14,22.454545454545457
2001-06-15,15.0
2001-06-16,7.0
2001-06-17,22.454545454545457
2001-06-18,55.272727272727266
2001-06-19,22.454545454545457
2001-06-20,18.0
2001-06-21,22.454545454545457
2001-06-22,7.0
2001-06-23,5.0
2001-06-24,12.272727272727275
2001-06-25,7.0
2001-06-26,27.0
2001-06-27,22.454545454545457
2001-06-28,4.0
2001-06-29,7.0
2001-06-30,9.0
2001-07-01,12.272727272727275
2001-07-02,7.0
2001-07-03,9.0
2001-07-04,9.0
2001-07-05,15.0
2001-07-06,15.0
2001-07-07,7.0
2001-07-08,39.81818181818183
2001-07-09,48.0
2001-07-10,18.0
2001-07-11,18.0
2001-07-12,9.0
2001-07-13,12.272727272727275
2001-07-14,31.545454545454543
2001-07-15,22.454545454545457
2001-07-16,18.0
2001-07-17,31.545454545454543
2001-07-18,12.272727272727275
2001-07-19,15.0
2001-07-20,7.0
2001-07-21,7.0
2001-07-22,12.272727272727275
2001-07-23,15.0
2001-07-24,22.454545454545457
2001-07-25,31.545454545454543
2001-07-26,22.454545454545457
2001-07-27,9.0
2001-07-28,4.0
2001-07-29,7.0
2001-07-30,15.0
2001-07-31,48.0
2001-08-01,22.454545454545457
2001-08-02,9.0
2001-08-03,31.545454545454543
2001-08-04,9.0
2001-08-05,48.0
2001-08-06,27.0
2001-08-07,12.272727272727275
2001-08-08,12.272727272727275
2001-08-09,15.0
2001-08-10,12.272727272727275
2001-08-11,12.272727272727275
2001-08-12,22.454545454545457
2001-08-13,55.272727272727266
2001-08-14,15.0
2001-08-15,7.0
2001-08-16,4.0
2001-08-17,132.0
2001-08-18,22.454545454545457
2001-08-19,15.0
2001-08-20,12.272727272727275
2001-08-21,22.454545454545457
2001-08-22,31.545454545454543
2001-08-23,22.454545454545457
2001-08-24,5.0
2001-08-25,18.0
2001-08-26,15.0
2001-08-27,39.81818181818183
2001-08-28,27.0
2001-08-29,9.0
2001-08-30,22.454545454545457
2001-08-31,27.0
2001-09-01,7.0
2001-09-02,9.0
2001-09-03,31.545454545454543
2001-09-04,31.545454545454543
2001-09-05,15.0
2001-09-06,7.0
2001-09-07,12.272727272727275
2001-09-08,15.0
2001-09-09,7.0
2001-09-10,5.0
2001-09-11,18.0
2001-09-12,22.454545454545457
2001-09-13,39.81818181818183
2001-09-14,18.0
2001-09-15,31.545454545454543
2001-09-16,12.272727272727275
2001-09-17,12.272727272727275
2001-09-18,31.545454545454543
2001-09-19,18.0
2001-09-20,7.0
2001-09-21,9.0
2001-09-22,18.0
2001-09-23,80.0
2001-09-24,27.0
2001-09-25,152.0
2001-09-26,68.18181818181819
2001-09-27,27.0
2001-09-28,22.454545454545457
2001-09-29,55.272727272727266
2001-09-30,68.18181818181819
2001-10-01,80.0
2001-10-02,112.90909090909092
2001-10-03,132.0
2001-10-04,31.545454545454543
2001-10-05,15.0
2001-10-06,15.0
2001-10-07,7.0
2001-10-08,39.81818181818183
2001-10-09,31.545454545454543
2001-10-10,9.0
2001-10-11,55.272727272727266
2001-10-12,80.0
2001-10-13,15.0
2001-10-14,27.0
2001-10-15,22.454545454545457
2001-10-16,15.0
2001-10-17,9.0
2001-10-18,7.0
2001-10-19,18.0
2001-10-20,18.0
2001-10-21,181.54545454545456
2001-10-22,152.0
2001-10-23,55.272727272727266
2001-10-24,4.0
2001-10-25,15.0
2001-10-26,7.0
2001-10-27,12.272727272727275
2001-10-28,112.90909090909092
2001-10-29,18.0
2001-10-30,15.0
2001-10-31,31.545454545454543
2001-11-01,48.0
2001-11-02,18.0
2001-11-03,4.0
2001-11-04,12.272727272727275
2001-11-05,55.272727272727266
2001-11-06,309.0909090909089
2001-11-07,68.18181818181819
2001-11-08,9.0
2001-11-09,7.0
2001-11-10,18.0
2001-11-11,9.0
2001-11-12,5.0
2001-11-13,7.0
2001-11-14,5.0
2001-11-15,31.545454545454543
2001-11-16,9.0
2001-11-17,22.454545454545457
2001-11-18,18.0
2001-11-19,31.545454545454543
2001-11-20,27.0
2001-11-21,7.0
2001-11-22,12.272727272727275
2001-11-23,18.0
2001-11-24,233.36363636363643
2001-11-25,15.0
2001-11-26,12.272727272727275
2001-11-27,4.0
2001-11-28,5.0
2001-11-29,5.0
2001-11-30,4.0
2001-12-01,12.272727272727275
2001-12-02,7.0
2001-12-03,18.0
2001-12-04,15.0
2001-12-05,27.0
2001-12-06,15.0
2001-12-07,12.272727272727275
2001-12-08,18.0
2001-12-09,7.0
2001-12-10,7.0
2001-12-11,7.0
2001-12-12,18.0
2001-12-13,7.0
2001-12-14,7.0
2001-12-15,15.0
2001-12-16,18.0
2001-12-17,22.454545454545457
2001-12-18,22.454545454545457
2001-12-19,15.0
2001-12-20,7.0
2001-12-21,27.0
2001-12-22,15.0
2001-12-23,12.272727272727275
2001-12-24,39.81818181818183
2001-12-25,15.0
2001-12-26,9.0
2001-12-27,12.272727272727275
2001-12-28,7.0
2001-12-29,27.0
2001-12-30,39.81818181818183
2001-12-31,27.0
2002-01-01,12.272727272727275
2002-01-02,12.272727272727275
2002-01-03,4.0
2002-01-04,4.0
2002-01-05,5.0
2002-01-06,5.0
2002-01-07,12.272727272727275
2002-01-08,22.454545454545457
2002-01-09,7.0
2002-01-10,48.0
2002-01-11,48.0
2002-01-12,22.454545454545457
2002-01-13,18.0
2002-01-14,12.272727272727275
2002-01-15,9.0
2002-01-16,7.0
2002-01-17,12.272727272727275
2002-01-18,15.0
2002-01-19,27.0
2002-01-20,22.454545454545457
2002-01-21,22.454545454545457
2002-01-22,7.0
2002-01-23,15.0
2002-01-24,15.0
2002-01-25,22.454545454545457
2002-01-26,15.0
2002-01-27,15.0
2002-01-28,12.272727272727275
2002-01-29,7.0
2002-01-30,4.0
2002-01-31,22.454545454545457
2002-02-01,31.545454545454543
2002-02-02,39.81818181818183
2002-02-03,7.0
2002-02-04,12.272727272727275
2002-02-05,48.0
2002-02-06,39.81818181818183
2002-02-07,22.454545454545457
2002-02-08,18.0
2002-02-09,22.454545454545457
2002-02-10,15.0
2002-02-11,18.0
2002-02-12,18.0
2002-02-13,22.454545454545457
2002-02-14,7.0
2002-02-15,7.0
2002-02-16,9.0
2002-02-17,27.0
2002-02-18,22.454545454545457
2002-02-19,15.0
2002-02-20,12.272727272727275
2002-02-21,15.0
2002-02-22,15.0
2002-02-23,9.0
2002-02-24,7.0
2002-02-25,9.0
2002-02-26,12.272727272727275
2002-02-27,12.272727272727275
2002-02-28,80.0
2002-03-01,39.81818181818183
2002-03-02,9.0
2002-03-03,22.454545454545457
2002-03-04,15.0
2002-03-05,31.545454545454543
2002-03-06,27.0
2002-03-07,15.0
2002-03-08,9.0
2002-03-09,12.272727272727275
2002-03-10,18.0
2002-03-11,27.0
2002-03-12,15.0
2002-03-13,9.0
2002-03-14,4.0
2002-03-15,12.272727272727275
2002-03-16,5.0
2002-03-17,4.0
2002-03-18,48.0
2002-03-19,55.272727272727266
2002-03-20,31.545454545454543
2002-03-21,12.272727272727275
2002-03-22,15.0
2002-03-23,27.0
2002-03-24,80.0
2002-03-25,15.0
2002-03-26,18.0
2002-03-27,7.0
2002-03-28,4.0
2002-03-29,18.0
2002-03-30,31.545454545454543
2002-03-31,27.0
2002-04-01,31.545454545454543
2002-04-02,31.545454545454543
2002-04-03,27.0
2002-04-04,7.0
2002-04-05,5.0
2002-04-06,5.0
2002-04-07,15.0
2002-04-08,4.0
2002-04-09,4.0
2002-04-10,12.272727272727275
2002-04-11,27.0
2002-04-12,31.545454545454543
2002-04-13,22.454545454545457
2002-04-14,31.545454545454543
2002-04-15,9.0
2002-04-16,12.272727272727275
2002-04-17,152.0
2002-04-18,132.0
2002-04-19,112.90909090909092
2002-04-20,152.0
2002-04-21,9.0
2002-04-22,27.0
2002-04-23,80.0
2002-04-24,18.0
2002-04-25,7.0
2002-04-26,5.0
2002-04-27,18.0
2002-04-28,39.81818181818183
2002-04-29,15.0
2002-04-30,12.272727272727275
2002-05-01,5.0
2002-05-02,9.0
2002-05-03,7.0
2002-05-04,7.0
2002-05-05,5.0
2002-05-06,15.0
2002-05-07,15.0
2002-05-08,15.0
2002-05-09,12.272727272727275
2002-05-10,27.0
2002-05-11,112.90909090909092
2002-05-12,39.81818181818183
2002-05-13,22.454545454545457
2002-05-14,48.0
2002-05-15,22.454545454545457
2002-05-16,9.0
2002-05-17,9.0
2002-05-18,55.272727272727266
2002-05-19,27.0
2002-05-20,18.0
2002-05-21,22.454545454545457
2002-05-22,12.272727272727275
2002-05-23,233.36363636363643
2002-05-24,4.0
2002-05-25,7.0
2002-05-26,15.0
2002-05-27,39.81818181818183
2002-05-28,12.272727272727275
2002-05-29,15.0
2002-05-30,7.0
2002-05-31,5.0
2002-06-01,9.0
2002-06-02,27.0
2002-06-03,18.0
2002-06-04,27.0
2002-06-05,15.0
2002-06-06,7.0
2002-06-07,9.0
2002-06-08,27.0
2002-06-09,12.272727272727275
2002-06-10,22.454545454545457
2002-06-11,9.0
2002-06-12,12.272727272727275
2002-06-13,12.272727272727275
2002-06-14,7.0
2002-06-15,9.0
2002-06-16,12.272727272727275
2002-06-17,9.0
2002-06-18,18.0
2002-06-19,22.454545454545457
2002-06-20,7.0
2002-06-21,9.0
2002-06-22,12.272727272727275
2002-06-23,15.0
2002-06-24,7.0
2002-06-25,18.0
2002-06-26,12.272727272727275
2002-06-27,4.0
2002-06-28,4.0
2002-06-29,9.0
2002-06-30,18.0
2002-07-01,22.454545454545457
2002-07-02,9.0
2002-07-03,7.0
2002-07-04,15.0
2002-07-05,27.0
2002-07-06,31.545454545454543
2002-07-07,18.0
2002-07-08,27.0
2002-07-09,15.0
2002-07-10,9.0
2002-07-11,12.272727272727275
2002-07-12,39.81818181818183
2002-07-13,7.0
2002-07-14,4.0
2002-07-15,7.0
2002-07-16,27.0
2002-07-17,48.0
2002-07-18,12.272727272727275
2002-07-19,27.0
2002-07-20,31.545454545454543
2002-07-21,39.81818181818183
2002-07-22,27.0
2002-07-23,39.81818181818183
2002-07-24,12.272727272727275
2002-07-25,22.454545454545457
2002-07-26,18.0
2002-07-27,27.0
2002-07-28,22.454545454545457
2002-07-29,31.545454545454543
2002-07-30,15.0
2002-07-31,15.0
2002-08-01,55.272727272727266
2002-08-02,80.0
2002-08-03,39.81818181818183
2002-08-04,31.545454545454543
2002-08-05,7.0
2002-08-06,7.0
2002-08-07,7.0
2002-08-08,15.0
2002-08-09,27.0
2002-08-10,39.81818181818183
2002-08-11,31.545454545454543
2002-08-12,15.0
2002-08-13,15.0
2002-08-14,22.454545454545457
2002-08-15,55.272727272727266
2002-08-16,31.545454545454543
2002-08-17,18.0
2002-08-18,55.272727272727266
2002-08-19,48.0
2002-08-20,92.72727272727272
2002-08-21,55.272727272727266
2002-08-22,15.0
2002-08-23,12.272727272727275
2002-08-24,7.0
2002-08-25,9.0
2002-08-26,39.81818181818183
2002-08-27,22.454545454545457
2002-08-28,9.0
2002-08-29,15.0
2002-08-30,15.0
2002-08-31,18.0
2002-09-01,27.0
2002-09-02,18.0
2002-09-03,18.0
2002-09-04,92.72727272727272
2002-09-05,18.0
2002-09-06,12.272727272727275
2002-09-07,152.0
2002-09-08,152.0
2002-09-09,27.0
2002-09-10,39.81818181818183
2002-09-11,48.0
2002-09-12,18.0
2002-09-13,18.0
2002-09-14,15.0
2002-09-15,9.0
2002-09-16,15.0
2002-09-17,15.0
2002-09-18,22.454545454545457
2002-09-19,39.81818181818183
2002-09-20,7.0
2002-09-21,12.272727272727275
2002-09-22,12.272727272727275
2002-09-23,4.0
2002-09-24,5.0
2002-09-25,5.0
2002-09-26,12.272727272727275
2002-09-27,15.0
2002-09-28,7.0
2002-09-29,7.0
2002-09-30,48.0
2002-10-01,152.0
2002-10-02,152.0
2002-10-03,92.72727272727272
2002-10-04,152.0
2002-10-05,55.272727272727266
2002-10-06,27.0
2002-10-07,68.18181818181819
2002-10-08,80.0
2002-10-09,31.545454545454543
2002-10-10,27.0
2002-10-11,7.0
2002-10-12,9.0
2002-10-13,7.0
2002-10-14,39.81818181818183
2002-10-15,27.0
2002-10-16,68.18181818181819
2002-10-17,22.454545454545457
2002-10-18,18.0
2002-10-19,22.454545454545457
2002-10-20,18.0
2002-10-21,12.272727272727275
2002-10-22,22.454545454545457
2002-10-23,18.0
2002-10-24,92.72727272727272
2002-10-25,80.0
2002-10-26,39.81818181818183
2002-10-27,48.0
2002-10-28,39.81818181818183
2002-10-29,22.454545454545457
2002-10-30,48.0
2002-10-31,27.0
2002-11-01,9.0
2002-11-02,48.0
2002-11-03,55.272727272727266
2002-11-04,39.81818181818183
2002-11-05,39.81818181818183
2002-11-06,31.545454545454543
2002-11-07,22.454545454545457
2002-11-08,7.0
2002-11-09,15.0
2002-11-10,48.0
2002-11-11,22.454545454545457
2002-11-12,27.0
2002-11-13,27.0
2002-11-14,15.0
2002-11-15,15.0
2002-11-16,18.0
2002-11-17,22.454545454545457
2002-11-18,15.0
2002-11-19,27.0
2002-11-20,80.0
2002-11-21,112.90909090909092
2002-11-22,39.81818181818183
2002-11-23,31.545454545454543
2002-11-24,22.454545454545457
2002-11-25,22.454545454545457
2002-11-26,48.0
2002-11-27,48.0
2002-11-28,18.0
2002-11-29,18.0
2002-11-30,22.454545454545457
2002-12-01,22.454545454545457
2002-12-02,18.0
2002-12-03,15.0
2002-12-04,22.454545454545457
2002-12-05,15.0
2002-12-06,15.0
2002-12-07,22.454545454545457
2002-12-08,27.0
2002-12-09,15.0
2002-12-10,9.0
2002-12-11,7.0
2002-12-12,5.0
2002-12-13,7.0
2002-12-14,27.0
2002-12-15,18.0
2002-12-16,7.0
2002-12-17,7.0
2002-12-18,5.0
2002-12-19,39.81818181818183
2002-12-20,39.81818181818183
2002-12-21,68.18181818181819
2002-12-22,18.0
2002-12-23,31.545454545454543
2002-12-24,39.81818181818183
2002-12-25,18.0
2002-12-26,39.81818181818183
2002-12-27,80.0
2002-12-28,31.545454545454543
2002-12-29,22.454545454545457
2002-12-30,18.0
2002-12-31,18.0
2003-01-01,12.272727272727275
2003-01-02,9.0
2003-01-03,48.0
2003-01-04,39.81818181818183
2003-01-05,12.272727272727275
2003-01-06,9.0
2003-01-07,12.272727272727275
2003-01-08,7.0
2003-01-09,9.0
2003-01-10,27.0
2003-01-11,22.454545454545457
2003-01-12,12.272727272727275
2003-01-13,15.0
2003-01-14,18.0
2003-01-15,12.272727272727275
2003-01-16,9.0
2003-01-17,12.272727272727275
2003-01-18,22.454545454545457
2003-01-19,27.0
2003-01-20,39.81818181818183
2003-01-21,22.454545454545457
2003-01-22,48.0
2003-01-23,55.272727272727266
2003-01-24,27.0
2003-01-25,68.18181818181819
2003-01-26,39.81818181818183
2003-01-27,22.454545454545457
2003-01-28,31.545454545454543
2003-01-29,27.0
2003-01-30,48.0
2003-01-31,39.81818181818183
2003-02-01,39.81818181818183
2003-02-02,68.18181818181819
2003-02-03,48.0
2003-02-04,68.18181818181819
2003-02-05,22.454545454545457
2003-02-06,22.454545454545457
2003-02-07,18.0
2003-02-08,22.454545454545457
2003-02-09,31.545454545454543
2003-02-10,27.0
2003-02-11,27.0
2003-02-12,22.454545454545457
2003-02-13,22.454545454545457
2003-02-14,31.545454545454543
2003-02-15,31.545454545454543
2003-02-16,27.0
2003-02-17,18.0
2003-02-18,55.272727272727266
2003-02-19,27.0
2003-02-20,27.0
2003-02-21,22.454545454545457
2003-02-22,18.0
2003-02-23,18.0
2003-02-24,7.0
2003-02-25,7.0
2003-02-26,31.545454545454543
2003-02-27,48.0
2003-02-28,31.545454545454543
2003-03-01,31.545454545454543
2003-03-02,18.0
2003-03-03,55.272727272727266
2003-03-04,48.0
2003-03-05,27.0
2003-03-06,39.81818181818183
2003-03-07,27.0
2003-03-08,18.0
2003-03-09,22.454545454545457
2003-03-10,27.0
2003-03-11,22.454545454545457
2003-03-12,18.0
2003-03-13,27.0
2003-03-14,55.272727272727266
2003-03-15,48.0
2003-03-16,80.0
2003-03-17,68.18181818181819
2003-03-18,39.81818181818183
2003-03-19,27.0
2003-03-20,39.81818181818183
2003-03-21,48.0
2003-03-22,27.0
2003-03-23,48.0
2003-03-24,12.272727272727275
2003-03-25,5.0
2003-03-26,15.0
2003-03-27,39.81818181818183
2003-03-28,68.18181818181819
2003-03-29,55.272727272727266
2003-03-30,68.18181818181819
2003-03-31,92.72727272727272
2003-04-01,39.81818181818183
2003-04-02,39.81818181818183
2003-04-03,31.545454545454543
2003-04-04,48.0
2003-04-05,55.272727272727266
2003-04-06,15.0
2003-04-07,12.272727272727275
2003-04-08,39.81818181818183
2003-04-09,39.81818181818183
2003-04-10,31.545454545454543
2003-04-11,27.0
2003-04-12,18.0
2003-04-13,18.0
2003-04-14,31.545454545454543
2003-04-15,27.0
2003-04-16,55.272727272727266
2003-04-17,48.0
2003-04-18,31.545454545454543
2003-04-19,15.0
2003-04-20,22.454545454545457
2003-04-21,39.81818181818183
2003-04-22,31.545454545454543
2003-04-23,27.0
2003-04-24,48.0
2003-04-25,55.272727272727266
2003-04-26,27.0
2003-04-27,22.454545454545457
2003-04-28,31.545454545454543
2003-04-29,80.0
2003-04-30,80.0
2003-05-01,112.90909090909092
2003-05-02,48.0
2003-05-03,15.0
2003-05-04,7.0
2003-05-05,31.545454545454543
2003-05-06,55.272727272727266
2003-05-07,68.18181818181819
2003-05-08,68.18181818181819
2003-05-09,55.272727272727266
2003-05-10,112.90909090909092
2003-05-11,68.18181818181819
2003-05-12,31.545454545454543
2003-05-13,39.81818181818183
2003-05-14,48.0
2003-05-15,31.545454545454543
2003-05-16,18.0
2003-05-17,12.272727272727275
2003-05-18,22.454545454545457
2003-05-19,18.0
2003-05-20,15.0
2003-05-21,80.0
2003-05-22,55.272727272727266
2003-05-23,27.0
2003-05-24,31.545454545454543
2003-05-25,31.545454545454543
2003-05-26,31.545454545454543
2003-05-27,68.18181818181819
2003-05-28,68.18181818181819
2003-05-29,233.36363636363643
2003-05-30,152.0
2003-05-31,55.272727272727266
2003-06-01,39.81818181818183
2003-06-02,55.272727272727266
2003-06-03,55.272727272727266
2003-06-04,31.545454545454543
2003-06-05,15.0
2003-06-06,18.0
2003-06-07,39.81818181818183
2003-06-08,68.18181818181819
2003-06-09,80.0
2003-06-10,68.18181818181819
2003-06-11,18.0
2003-06-12,9.0
2003-06-13,22.454545454545457
2003-06-14,48.0
2003-06-15,39.81818181818183
2003-06-16,80.0
2003-06-17,80.0
2003-06-18,112.90909090909092
2003-06-19,27.0
2003-06-20,15.0
2003-06-21,39.81818181818183
2003-06-22,22.454545454545457
2003-06-23,27.0
2003-06-24,31.545454545454543
2003-06-25,27.0
2003-06-26,27.0
2003-06-27,48.0
2003-06-28,92.72727272727272
2003-06-29,39.81818181818183
2003-06-30,31.545454545454543
2003-07-01,9.0
2003-07-02,27.0
2003-07-03,48.0
2003-07-04,31.545454545454543
2003-07-05,27.0
2003-07-06,18.0
2003-07-07,22.454545454545457
2003-07-08,7.0
2003-07-09,7.0
2003-07-10,12.272727272727275
2003-07-11,80.0
2003-07-12,112.90909090909092
2003-07-13,18.0
2003-07-14,27.0
2003-07-15,48.0
2003-07-16,80.0
2003-07-17,39.81818181818183
2003-07-18,39.81818181818183
2003-07-19,68.18181818181819
2003-07-20,31.545454545454543
2003-07-21,22.454545454545457
2003-07-22,9.0
2003-07-23,18.0
2003-07-24,22.454545454545457
2003-07-25,22.454545454545457
2003-07-26,80.0
2003-07-27,48.0
2003-07-28,55.272727272727266
2003-07-29,55.272727272727266
2003-07-30,31.545454545454543
2003-07-31,68.18181818181819
2003-08-01,55.272727272727266
2003-08-02,31.545454545454543
2003-08-03,18.0
2003-08-04,18.0
2003-08-05,15.0
2003-08-06,68.18181818181819
2003-08-07,112.90909090909092
2003-08-08,55.272727272727266
2003-08-09,27.0
2003-08-10,27.0
2003-08-11,18.0
2003-08-12,39.81818181818183
2003-08-13,31.545454545454543
2003-08-14,18.0
2003-08-15,18.0
2003-08-16,12.272727272727275
2003-08-17,55.272727272727266
2003-08-18,152.0
2003-08-19,68.18181818181819
2003-08-20,48.0
2003-08-21,80.0
2003-08-22,68.18181818181819
2003-08-23,68.18181818181819
2003-08-24,39.81818181818183
2003-08-25,39.81818181818183
2003-08-26,22.454545454545457
2003-08-27,12.272727272727275
2003-08-28,31.545454545454543
2003-08-29,48.0
2003-08-30,31.545454545454543
2003-08-31,7.0
2003-09-01,27.0
2003-09-02,27.0
2003-09-03,18.0
2003-09-04,31.545454545454543
2003-09-05,27.0
2003-09-06,12.272727272727275
2003-09-07,9.0
2003-09-08,15.0
2003-09-09,39.81818181818183
2003-09-10,48.0
2003-09-11,27.0
2003-09-12,18.0
2003-09-13,18.0
2003-09-14,7.0
2003-09-15,15.0
2003-09-16,68.18181818181819
2003-09-17,132.0
2003-09-18,80.0
2003-09-19,55.272727272727266
2003-09-20,39.81818181818183
2003-09-21,27.0
2003-09-22,27.0
2003-09-23,27.0
2003-09-24,68.18181818181819
2003-09-25,31.545454545454543
2003-09-26,22.454545454545457
2003-09-27,18.0
2003-09-28,7.0
2003-09-29,7.0
2003-09-30,7.0
2003-10-01,27.0
2003-10-02,12.272727272727275
2003-10-03,39.81818181818183
2003-10-04,15.0
2003-10-05,18.0
2003-10-06,18.0
2003-10-07,31.545454545454543
2003-10-08,12.272727272727275
2003-10-09,27.0
2003-10-10,7.0
2003-10-11,4.0
2003-10-12,7.0
2003-10-13,39.81818181818183
2003-10-14,152.0
2003-10-15,80.0
2003-10-16,48.0
2003-10-17,68.18181818181819
2003-10-18,39.81818181818183
2003-10-19,55.272727272727266
2003-10-20,68.18181818181819
2003-10-21,80.0
2003-10-22,55.272727272727266
2003-10-23,12.272727272727275
2003-10-24,112.90909090909092
2003-10-25,31.545454545454543
2003-10-26,22.454545454545457
2003-10-27,22.454545454545457
2003-10-28,39.81818181818183
2003-10-29,400.0
2003-10-30,400.0
2003-10-31,233.36363636363643
2003-11-01,48.0
2003-11-02,31.545454545454543
2003-11-03,18.0
2003-11-04,132.0
2003-11-05,18.0
2003-11-06,68.18181818181819
2003-11-07,18.0
2003-11-08,18.0
2003-11-09,68.18181818181819
2003-11-10,39.81818181818183
2003-11-11,80.0
2003-11-12,48.0
2003-11-13,80.0
2003-11-14,55.272727272727266
2003-11-15,80.0
2003-11-16,55.272727272727266
2003-11-17,55.272727272727266
2003-11-18,48.0
2003-11-19,15.0
2003-11-20,309.0909090909089
2003-11-21,112.90909090909092
2003-11-22,80.0
2003-11-23,48.0
2003-11-24,27.0
2003-11-25,18.0
2003-11-26,12.272727272727275
2003-11-27,9.0
2003-11-28,9.0
2003-11-29,9.0
2003-11-30,22.454545454545457
2003-12-01,18.0
2003-12-02,12.272727272727275
2003-12-03,7.0
2003-12-04,22.454545454545457
2003-12-05,68.18181818181819
2003-12-06,39.81818181818183
2003-12-07,22.454545454545457
2003-12-08,55.272727272727266
2003-12-09,48.0
2003-12-10,55.272727272727266
2003-12-11,68.18181818181819
2003-12-12,39.81818181818183
2003-12-13,39.81818181818183
2003-12-14,48.0
2003-12-15,39.81818181818183
2003-12-16,12.272727272727275
2003-12-17,12.272727272727275
2003-12-18,7.0
2003-12-19,4.0
2003-12-20,39.81818181818183
2003-12-21,31.545454545454543
2003-12-22,22.454545454545457
2003-12-23,9.0
2003-12-24,12.272727272727275
2003-12-25,9.0
2003-12-26,12.272727272727275
2003-12-27,31.545454545454543
2003-12-28,22.454545454545457
2003-12-29,15.0
2003-12-30,15.0
2003-12-31,39.81818181818183
2004-01-01,39.81818181818183
2004-01-02,27.0
2004-01-03,39.81818181818183
2004-01-04,31.545454545454543
2004-01-05,39.81818181818183
2004-01-06,80.0
2004-01-07,48.0
2004-01-08,18.0
2004-01-09,48.0
2004-01-10,55.272727272727266
2004-01-11,39.81818181818183
2004-01-12,22.454545454545457
2004-01-13,31.545454545454543
2004-01-14,27.0
2004-01-15,27.0
2004-01-16,39.81818181818183
2004-01-17,27.0
2004-01-18,31.545454545454543
2004-01-19,31.545454545454543
2004-01-20,31.545454545454543
2004-01-21,22.454545454545457
2004-01-22,132.0
2004-01-23,80.0
2004-01-24,48.0
2004-01-25,68.18181818181819
2004-01-26,27.0
2004-01-27,27.0
2004-01-28,68.18181818181819
2004-01-29,15.0
2004-01-30,39.81818181818183
2004-01-31,31.545454545454543
2004-02-01,18.0
2004-02-02,31.545454545454543
2004-02-03,31.545454545454543
2004-02-04,27.0
2004-02-05,18.0
2004-02-06,39.81818181818183
2004-02-07,12.272727272727275
2004-02-08,12.272727272727275
2004-02-09,12.272727272727275
2004-02-10,9.0
2004-02-11,92.72727272727272
2004-02-12,48.0
2004-02-13,31.545454545454543
2004-02-14,27.0
2004-02-15,39.81818181818183
2004-02-16,22.454545454545457
2004-02-17,7.0
2004-02-18,15.0
2004-02-19,15.0
2004-02-20,7.0
2004-02-21,12.272727272727275
2004-02-22,15.0
2004-02-23,12.272727272727275
2004-02-24,18.0
2004-02-25,9.0
2004-02-26,7.0
2004-02-27,27.0
2004-02-28,27.0
2004-02-29,55.272727272727266
2004-03-01,39.81818181818183
2004-03-02,31.545454545454543
2004-03-03,31.545454545454543
2004-03-04,7.0
2004-03-05,7.0
2004-03-06,7.0
2004-03-07,7.0
2004-03-08,9.0
2004-03-09,68.18181818181819
2004-03-10,92.72727272727272
2004-03-11,92.72727272727272
2004-03-12,68.18181818181819
2004-03-13,31.545454545454543
2004-03-14,31.545454545454543
2004-03-15,22.454545454545457
2004-03-16,15.0
2004-03-17,12.272727272727275
2004-03-18,15.0
2004-03-19,22.454545454545457
2004-03-20,27.0
2004-03-21,18.0
2004-03-22,18.0
2004-03-23,18.0
2004-03-24,5.0
2004-03-25,9.0
2004-03-26,39.81818181818183
2004-03-27,55.272727272727266
2004-03-28,55.272727272727266
2004-03-29,18.0
2004-03-30,31.545454545454543
2004-03-31,18.0
2004-04-01,7.0
2004-04-02,7.0
2004-04-03,92.72727272727272
2004-04-04,92.72727272727272
2004-04-05,92.72727272727272
2004-04-06,48.0
2004-04-07,18.0
2004-04-08,22.454545454545457
2004-04-09,39.81818181818183
2004-04-10,22.454545454545457
2004-04-11,22.454545454545457
2004-04-12,22.454545454545457
2004-04-13,9.0
2004-04-14,9.0
2004-04-15,18.0
2004-04-16,22.454545454545457
2004-04-17,12.272727272727275
2004-04-18,12.272727272727275
2004-04-19,12.272727272727275
2004-04-20,7.0
2004-04-21,15.0
2004-04-22,7.0
2004-04-23,27.0
2004-04-24,31.545454545454543
2004-04-25,22.454545454545457
2004-04-26,9.0
2004-04-27,7.0
2004-04-28,22.454545454545457
2004-04-29,7.0
2004-04-30,39.81818181818183
2004-05-01,22.454545454545457
2004-05-02,15.0
2004-05-03,9.0
2004-05-04,15.0
2004-05-05,27.0
2004-05-06,12.272727272727275
2004-05-07,27.0
2004-05-08,12.272727272727275
2004-05-09,9.0
2004-05-10,12.272727272727275
2004-05-11,27.0
2004-05-12,39.81818181818183
2004-05-13,31.545454545454543
2004-05-14,9.0
2004-05-15,18.0
2004-05-16,7.0
2004-05-17,7.0
2004-05-18,5.0
2004-05-19,22.454545454545457
2004-05-20,31.545454545454543
2004-05-21,22.454545454545457
2004-05-22,18.0
2004-05-23,15.0
2004-05-24,18.0
2004-05-25,7.0
2004-05-26,5.0
2004-05-27,7.0
2004-05-28,12.272727272727275
2004-05-29,22.454545454545457
2004-05-30,22.454545454545457
2004-05-31,31.545454545454543
2004-06-01,22.454545454545457
2004-06-02,15.0
2004-06-03,15.0
2004-06-04,12.272727272727275
2004-06-05,22.454545454545457
2004-06-06,18.0
2004-06-07,22.454545454545457
2004-06-08,18.0
2004-06-09,18.0
2004-06-10,18.0
2004-06-11,12.272727272727275
2004-06-12,7.0
2004-06-13,7.0
2004-06-14,18.0
2004-06-15,31.545454545454543
2004-06-16,15.0
2004-06-17,9.0
2004-06-18,18.0
2004-06-19,7.0
2004-06-20,5.0
2004-06-21,5.0
2004-06-22,4.0
2004-06-23,4.0
2004-06-24,7.0
2004-06-25,7.0
2004-06-26,22.454545454545457
2004-06-27,7.0
2004-06-28,27.0
2004-06-29,27.0
2004-06-30,12.272727272727275
2004-07-01,12.272727272727275
2004-07-02,12.272727272727275
2004-07-03,9.0
2004-07-04,7.0
2004-07-05,9.0
2004-07-06,9.0
2004-07-07,5.0
2004-07-08,4.0
2004-07-09,5.0
2004-07-10,7.0
2004-07-11,48.0
2004-07-12,27.0
2004-07-13,31.545454545454543
2004-07-14,9.0
2004-07-15,15.0
2004-07-16,31.545454545454543
2004-07-17,80.0
2004-07-18,7.0
2004-07-19,15.0
2004-07-20,12.272727272727275
2004-07-21,7.0
2004-07-22,132.0
2004-07-23,80.0
2004-07-24,80.0
2004-07-25,207.0
2004-07-26,152.0
2004-07-27,309.0909090909089
2004-07-28,22.454545454545457
2004-07-29,9.0
2004-07-30,18.0
2004-07-31,9.0
2004-08-01,22.454545454545457
2004-08-02,12.272727272727275
2004-08-03,7.0
2004-08-04,5.0
2004-08-05,12.272727272727275
2004-08-06,12.272727272727275
2004-08-07,27.0
2004-08-08,5.0
2004-08-09,31.545454545454543
2004-08-10,27.0
2004-08-11,18.0
2004-08-12,15.0
2004-08-13,12.272727272727275
2004-08-14,12.272727272727275
2004-08-15,12.272727272727275
2004-08-16,7.0
2004-08-17,22.454545454545457
2004-08-18,15.0
2004-08-19,7.0
2004-08-20,22.454545454545457
2004-08-21,27.0
2004-08-22,18.0
2004-08-23,7.0
2004-08-24,5.0
2004-08-25,5.0
2004-08-26,9.0
2004-08-27,12.272727272727275
2004-08-28,18.0
2004-08-29,7.0
2004-08-30,132.0
2004-08-31,55.272727272727266
2004-09-01,9.0
2004-09-02,9.0
2004-09-03,5.0
2004-09-04,4.0
2004-09-05,18.0
2004-09-06,22.454545454545457
2004-09-07,18.0
2004-09-08,15.0
2004-09-09,7.0
2004-09-10,4.0
2004-09-11,4.0
2004-09-12,5.0
2004-09-13,31.545454545454543
2004-09-14,55.272727272727266
2004-09-15,39.81818181818183
2004-09-16,22.454545454545457
2004-09-17,39.81818181818183
2004-09-18,48.0
2004-09-19,15.0
2004-09-20,39.81818181818183
2004-09-21,15.0
2004-09-22,31.545454545454543
2004-09-23,31.545454545454543
2004-09-24,9.0
2004-09-25,7.0
2004-09-26,7.0
2004-09-27,7.0
2004-09-28,12.272727272727275
2004-09-29,9.0
2004-09-30,7.0
2004-10-01,7.0
2004-10-02,18.0
2004-10-03,27.0
2004-10-04,22.454545454545457
2004-10-05,7.0
2004-10-06,7.0
2004-10-07,4.0
2004-10-08,9.0
2004-10-09,18.0
2004-10-10,18.0
2004-10-11,22.454545454545457
2004-10-12,18.0
2004-10-13,48.0
2004-10-14,31.545454545454543
2004-10-15,15.0
2004-10-16,12.272727272727275
2004-10-17,4.0
2004-10-18,9.0
2004-10-19,7.0
2004-10-20,22.454545454545457
2004-10-21,18.0
2004-10-22,12.272727272727275
2004-10-23,7.0
2004-10-24,22.454545454545457
2004-10-25,18.0
2004-10-26,4.0
2004-10-27,7.0
2004-10-28,5.0
2004-10-29,15.0
2004-10-30,27.0
2004-10-31,18.0
2004-11-01,15.0
2004-11-02,7.0
2004-11-03,31.545454545454543
2004-11-04,15.0
2004-11-05,15.0
2004-11-06,4.0
2004-11-07,207.0
2004-11-08,309.0909090909089
2004-11-09,309.0909090909089
2004-11-10,309.0909090909089
2004-11-11,48.0
2004-11-12,39.81818181818183
2004-11-13,9.0
2004-11-14,27.0
2004-11-15,4.0
2004-11-16,12.272727272727275
2004-11-17,15.0
2004-11-18,4.0
2004-11-19,9.0
2004-11-20,27.0
2004-11-21,27.0
2004-11-22,15.0
2004-11-23,9.0
2004-11-24,15.0
2004-11-25,31.545454545454543
2004-11-26,22.454545454545457
2004-11-27,22.454545454545457
2004-11-28,22.454545454545457
2004-11-29,27.0
2004-11-30,27.0
2004-12-01,27.0
2004-12-02,7.0
2004-12-03,4.0
2004-12-04,0.0
2004-12-05,31.545454545454543
2004-12-06,31.545454545454543
2004-12-07,22.454545454545457
2004-12-08,18.0
2004-12-09,12.272727272727275
2004-12-10,15.0
2004-12-11,31.545454545454543
2004-12-12,55.272727272727266
2004-12-13,31.545454545454543
2004-12-14,9.0
2004-12-15,9.0
2004-12-16,27.0
2004-12-17,27.0
2004-12-18,31.545454545454543
2004-12-19,5.0
2004-12-20,9.0
2004-12-21,31.545454545454543
2004-12-22,31.545454545454543
2004-12-23,9.0
2004-12-24,7.0
2004-12-25,27.0
2004-12-26,15.0
2004-12-27,12.272727272727275
2004-12-28,39.81818181818183
2004-12-29,31.545454545454543
2004-12-30,39.81818181818183
2004-12-31,12.272727272727275
2005-01-01,31.545454545454543
2005-01-02,68.18181818181819
2005-01-03,27.0
2005-01-04,39.81818181818183
2005-01-05,27.0
2005-01-06,12.272727272727275
2005-01-07,181.54545454545456
2005-01-08,132.0
2005-01-09,15.0
2005-01-10,12.272727272727275
2005-01-11,27.0
2005-01-12,55.272727272727266
2005-01-13,22.454545454545457
2005-01-14,48.0
2005-01-15,31.545454545454543
2005-01-16,27.0
2005-01-17,92.72727272727272
2005-01-18,181.54545454545456
2005-01-19,112.90909090909092
2005-01-20,39.81818181818183
2005-01-21,207.0
2005-01-22,80.0
2005-01-23,27.0
2005-01-24,15.0
2005-01-25,7.0
2005-01-26,4.0
2005-01-27,5.0
2005-01-28,12.272727272727275
2005-01-29,31.545454545454543
2005-01-30,31.545454545454543
2005-01-31,39.81818181818183
2005-02-01,15.0
2005-02-02,18.0
2005-02-03,27.0
2005-02-04,7.0
2005-02-05,4.0
2005-02-06,18.0
2005-02-07,68.18181818181819
2005-02-08,55.272727272727266
2005-02-09,39.81818181818183
2005-02-10,27.0
2005-02-11,18.0
2005-02-12,9.0
2005-02-13,7.0
2005-02-14,9.0
2005-02-15,7.0
2005-02-16,22.454545454545457
2005-02-17,22.454545454545457
2005-02-18,92.72727272727272
2005-02-19,27.0
2005-02-20,27.0
2005-02-21,15.0
2005-02-22,7.0
2005-02-23,5.0
2005-02-24,15.0
2005-02-25,18.0
2005-02-26,15.0
2005-02-27,15.0
2005-02-28,22.454545454545457
2005-03-01,18.0
2005-03-02,22.454545454545457
2005-03-03,7.0
2005-03-04,4.0
2005-03-05,27.0
2005-03-06,55.272727272727266
2005-03-07,68.18181818181819
2005-03-08,55.272727272727266
2005-03-09,48.0
2005-03-10,22.454545454545457
2005-03-11,9.0
2005-03-12,7.0
2005-03-13,18.0
2005-03-14,39.81818181818183
2005-03-15,7.0
2005-03-16,15.0
2005-03-17,31.545454545454543
2005-03-18,27.0
2005-03-19,39.81818181818183
2005-03-20,7.0
2005-03-21,18.0
2005-03-22,7.0
2005-03-23,7.0
2005-03-24,12.272727272727275
2005-03-25,31.545454545454543
2005-03-26,22.454545454545457
2005-03-27,22.454545454545457
2005-03-28,7.0
2005-03-29,12.272727272727275
2005-03-30,12.272727272727275
2005-03-31,18.0
2005-04-01,9.0
2005-04-02,5.0
2005-04-03,7.0
2005-04-04,80.0
2005-04-05,132.0
2005-04-06,22.454545454545457
2005-04-07,12.272727272727275
2005-04-08,9.0
2005-04-09,7.0
2005-04-10,4.0
2005-04-11,27.0
2005-04-12,48.0
2005-04-13,48.0
2005-04-14,31.545454545454543
2005-04-15,22.454545454545457
2005-04-16,15.0
2005-04-17,9.0
2005-04-18,12.272727272727275
2005-04-19,12.272727272727275
2005-04-20,39.81818181818183
2005-04-21,7.0
2005-04-22,15.0
2005-04-23,9.0
2005-04-24,15.0
2005-04-25,18.0
2005-04-26,4.0
2005-04-27,5.0
2005-04-28,5.0
2005-04-29,22.454545454545457
2005-04-30,48.0
2005-05-01,39.81818181818183
2005-05-02,9.0
2005-05-03,15.0
2005-05-04,9.0
2005-05-05,7.0
2005-05-06,7.0
2005-05-07,39.81818181818183
2005-05-08,233.36363636363643
2005-05-09,22.454545454545457
2005-05-10,12.272727272727275
2005-05-11,27.0
2005-05-12,22.454545454545457
2005-05-13,39.81818181818183
2005-05-14,9.0
2005-05-15,233.36363636363643
2005-05-16,92.72727272727272
2005-05-17,31.545454545454543
2005-05-18,12.272727272727275
2005-05-19,15.0
2005-05-20,48.0
2005-05-21,27.0
2005-05-22,22.454545454545457
2005-05-23,9.0
2005-05-24,7.0
2005-05-25,5.0
2005-05-26,2.0
2005-05-27,4.0
2005-05-28,27.0
2005-05-29,68.18181818181819
2005-05-30,181.54545454545456
2005-05-31,22.454545454545457
2005-06-01,15.0
2005-06-02,12.272727272727275
2005-06-03,9.0
2005-06-04,68.18181818181819
2005-06-05,27.0
2005-06-06,22.454545454545457
2005-06-07,22.454545454545457
2005-06-08,9.0
2005-06-09,7.0
2005-06-10,4.0
2005-06-11,7.0
2005-06-12,152.0
2005-06-13,80.0
2005-06-14,39.81818181818183
2005-06-15,31.545454545454543
2005-06-16,48.0
2005-06-17,39.81818181818183
2005-06-18,7.0
2005-06-19,7.0
2005-06-20,4.0
2005-06-21,4.0
2005-06-22,12.272727272727275
2005-06-23,132.0
2005-06-24,18.0
2005-06-25,18.0
2005-06-26,9.0
2005-06-27,7.0
2005-06-28,5.0
2005-06-29,7.0
2005-06-30,7.0
2005-07-01,31.545454545454543
2005-07-02,27.0
2005-07-03,15.0
2005-07-04,7.0
2005-07-05,5.0
2005-07-06,5.0
2005-07-07,12.272727272727275
2005-07-08,5.0
2005-07-09,48.0
2005-07-10,92.72727272727272
2005-07-11,48.0
2005-07-12,92.72727272727272
2005-07-13,55.272727272727266
2005-07-14,15.0
2005-07-15,7.0
2005-07-16,15.0
2005-07-17,48.0
2005-07-18,55.272727272727266
2005-07-19,15.0
2005-07-20,39.81818181818183
2005-07-21,48.0
2005-07-22,18.0
2005-07-23,7.0
2005-07-24,7.0
2005-07-25,7.0
2005-07-26,7.0
2005-07-27,48.0
2005-07-28,55.272727272727266
2005-07-29,31.545454545454543
2005-07-30,22.454545454545457
2005-07-31,18.0
2005-08-01,22.454545454545457
2005-08-02,15.0
2005-08-03,18.0
2005-08-04,12.272727272727275
2005-08-05,18.0
2005-08-06,39.81818181818183
2005-08-07,22.454545454545457
2005-08-08,12.272727272727275
2005-08-09,15.0
2005-08-10,31.545454545454543
2005-08-11,5.0
2005-08-12,15.0
2005-08-13,27.0
2005-08-14,18.0
2005-08-15,15.0
2005-08-16,22.454545454545457
2005-08-17,18.0
2005-08-18,15.0
2005-08-19,9.0
2005-08-20,7.0
2005-08-21,39.81818181818183
2005-08-22,18.0
2005-08-23,12.272727272727275
2005-08-24,309.0909090909089
2005-08-25,48.0
2005-08-26,12.272727272727275
2005-08-27,12.272727272727275
2005-08-28,12.272727272727275
2005-08-29,18.0
2005-08-30,12.272727272727275
2005-08-31,132.0
2005-09-01,31.545454545454543
2005-09-02,112.90909090909092
2005-09-03,55.272727272727266
2005-09-04,39.81818181818183
2005-09-05,18.0
2005-09-06,15.0
2005-09-07,18.0
2005-09-08,9.0
2005-09-09,31.545454545454543
2005-09-10,68.18181818181819
2005-09-11,181.54545454545456
2005-09-12,132.0
2005-09-13,80.0
2005-09-14,27.0
2005-09-15,132.0
2005-09-16,27.0
2005-09-17,22.454545454545457
2005-09-18,15.0
2005-09-19,12.272727272727275
2005-09-20,7.0
2005-09-21,5.0
2005-09-22,9.0
2005-09-23,12.272727272727275
2005-09-24,5.0
2005-09-25,15.0
2005-09-26,22.454545454545457
2005-09-27,27.0
2005-09-28,18.0
2005-09-29,12.272727272727275
2005-09-30,22.454545454545457
2005-10-01,18.0
2005-10-02,22.454545454545457
2005-10-03,12.272727272727275
2005-10-04,5.0
2005-10-05,5.0
2005-10-06,5.0
2005-10-07,39.81818181818183
2005-10-08,39.81818181818183
2005-10-09,18.0
2005-10-10,15.0
2005-10-11,18.0
2005-10-12,4.0
2005-10-13,7.0
2005-10-14,7.0
2005-10-15,4.0
2005-10-16,18.0
2005-10-17,31.545454545454543
2005-10-18,9.0
2005-10-19,12.272727272727275
2005-10-20,5.0
2005-10-21,9.0
2005-10-22,27.0
2005-10-23,4.0
2005-10-24,7.0
2005-10-25,31.545454545454543
2005-10-26,22.454545454545457
2005-10-27,18.0
2005-10-28,7.0
2005-10-29,7.0
2005-10-30,7.0
2005-10-31,48.0
2005-11-01,18.0
2005-11-02,22.454545454545457
2005-11-03,39.81818181818183
2005-11-04,31.545454545454543
2005-11-05,27.0
2005-11-06,27.0
2005-11-07,15.0
2005-11-08,4.0
2005-11-09,9.0
2005-11-10,7.0
2005-11-11,12.272727272727275
2005-11-12,18.0
2005-11-13,27.0
2005-11-14,18.0
2005-11-15,7.0
2005-11-16,5.0
2005-11-17,9.0
2005-11-18,9.0
2005-11-19,27.0
2005-11-20,15.0
2005-11-21,9.0
2005-11-22,9.0
2005-11-23,12.272727272727275
2005-11-24,18.0
2005-11-25,22.454545454545457
2005-11-26,7.0
2005-11-27,5.0
2005-11-28,18.0
2005-11-29,39.81818181818183
2005-11-30,31.545454545454543
2005-12-01,39.81818181818183
2005-12-02,18.0
2005-12-03,27.0
2005-12-04,12.272727272727275
2005-12-05,5.0
2005-12-06,4.0
2005-12-07,2.0
2005-12-08,4.0
2005-12-09,22.454545454545457
2005-12-10,31.545454545454543
2005-12-11,39.81818181818183
2005-12-12,18.0
2005-12-13,9.0
2005-12-14,7.0
2005-12-15,4.0
2005-12-16,18.0
2005-12-17,7.0
2005-12-18,7.0
2005-12-19,22.454545454545457
2005-12-20,27.0
2005-12-21,15.0
2005-12-22,12.272727272727275
2005-12-23,2.0
2005-12-24,9.0
2005-12-25,12.272727272727275
2005-12-26,18.0
2005-12-27,55.272727272727266
2005-12-28,31.545454545454543
2005-12-29,18.0
2005-12-30,15.0
2005-12-31,18.0
2006-01-01,12.272727272727275
2006-01-02,12.272727272727275
2006-01-03,9.0
2006-01-04,4.0
2006-01-05,5.0
2006-01-06,15.0
2006-01-07,12.272727272727275
2006-01-08,7.0
2006-01-09,4.0
2006-01-10,4.0
2006-01-11,5.0
2006-01-12,7.0
2006-01-13,7.0
2006-01-14,7.0
2006-01-15,12.272727272727275
2006-01-16,18.0
2006-01-17,22.454545454545457
2006-01-18,27.0
2006-01-19,12.272727272727275
2006-01-20,15.0
2006-01-21,9.0
2006-01-22,12.272727272727275
2006-01-23,22.454545454545457
2006-01-24,15.0
2006-01-25,22.454545454545457
2006-01-26,55.272727272727266
2006-01-27,18.0
2006-01-28,9.0
2006-01-29,4.0
2006-01-30,4.0
2006-01-31,5.0
2006-02-01,9.0
2006-02-02,7.0
2006-02-03,15.0
2006-02-04,15.0
2006-02-05,7.0
2006-02-06,22.454545454545457
2006-02-07,7.0
2006-02-08,12.272727272727275
2006-02-09,5.0
2006-02-10,15.0
2006-02-11,12.272727272727275
2006-02-12,15.0
2006-02-13,7.0
2006-02-14,5.0
2006-02-15,22.454545454545457
2006-02-16,15.0
2006-02-17,12.272727272727275
2006-02-18,7.0
2006-02-19,9.0
2006-02-20,39.81818181818183
2006-02-21,27.0
2006-02-22,27.0
2006-02-23,7.0
2006-02-24,12.272727272727275
2006-02-25,7.0
2006-02-26,12.272727272727275
2006-02-27,7.0
2006-02-28,9.0
2006-03-01,15.0
2006-03-02,4.0
2006-03-03,5.0
2006-03-04,5.0
2006-03-05,4.0
2006-03-06,22.454545454545457
2006-03-07,31.545454545454543
2006-03-08,7.0
2006-03-09,12.272727272727275
2006-03-10,39.81818181818183
2006-03-11,22.454545454545457
2006-03-12,7.0
2006-03-13,4.0
2006-03-14,7.0
2006-03-15,15.0
2006-03-16,9.0
2006-03-17,7.0
2006-03-18,68.18181818181819
2006-03-19,92.72727272727272
2006-03-20,31.545454545454543
2006-03-21,27.0
2006-03-22,18.0
2006-03-23,7.0
2006-03-24,9.0
2006-03-25,12.272727272727275
2006-03-26,18.0
2006-03-27,18.0
2006-03-28,18.0
2006-03-29,9.0
2006-03-30,7.0
2006-03-31,7.0
2006-04-01,4.0
2006-04-02,4.0
2006-04-03,4.0
2006-04-04,18.0
2006-04-05,55.272727272727266
2006-04-06,22.454545454545457
2006-04-07,4.0
2006-04-08,7.0
2006-04-09,80.0
2006-04-10,27.0
2006-04-11,9.0
2006-04-12,2.0
2006-04-13,27.0
2006-04-14,132.0
2006-04-15,48.0
2006-04-16,22.454545454545457
2006-04-17,18.0
2006-04-18,27.0
2006-04-19,7.0
2006-04-20,15.0
2006-04-21,27.0
2006-04-22,39.81818181818183
2006-04-23,15.0
2006-04-24,12.272727272727275
2006-04-25,12.272727272727275
2006-04-26,7.0
2006-04-27,5.0
2006-04-28,22.454545454545457
2006-04-29,4.0
2006-04-30,0.0
2006-05-01,4.0
2006-05-02,7.0
2006-05-03,7.0
2006-05-04,39.81818181818183
2006-05-05,27.0
2006-05-06,48.0
2006-05-07,48.0
2006-05-08,12.272727272727275
2006-05-09,5.0
2006-05-10,12.272727272727275
2006-05-11,22.454545454545457
2006-05-12,31.545454545454543
2006-05-13,18.0
2006-05-14,15.0
2006-05-15,5.0
2006-05-16,4.0
2006-05-17,7.0
2006-05-18,31.545454545454543
2006-05-19,9.0
2006-05-20,7.0
2006-05-21,12.272727272727275
2006-05-22,22.454545454545457
2006-05-23,15.0
2006-05-24,7.0
2006-05-25,7.0
2006-05-26,5.0
2006-05-27,4.0
2006-05-28,7.0
2006-05-29,5.0
2006-05-30,22.454545454545457
2006-05-31,9.0
2006-06-01,15.0
2006-06-02,9.0
2006-06-03,7.0
2006-06-04,4.0
2006-06-05,4.0
2006-06-06,55.272727272727266
2006-06-07,39.81818181818183
2006-06-08,27.0
2006-06-09,18.0
2006-06-10,9.0
2006-06-11,7.0
2006-06-12,5.0
2006-06-13,4.0
2006-06-14,18.0
2006-06-15,31.545454545454543
2006-06-16,15.0
2006-06-17,18.0
2006-06-18,12.272727272727275
2006-06-19,7.0
2006-06-20,7.0
2006-06-21,4.0
2006-06-22,7.0
2006-06-23,4.0
2006-06-24,5.0
2006-06-25,7.0
2006-06-26,4.0
2006-06-27,7.0
2006-06-28,27.0
2006-06-29,15.0
2006-06-30,15.0
2006-07-01,7.0
2006-07-02,4.0
2006-07-03,4.0
2006-07-04,27.0
2006-07-05,48.0
2006-07-06,18.0
2006-07-07,9.0
2006-07-08,4.0
2006-07-09,18.0
2006-07-10,18.0
2006-07-11,12.272727272727275
2006-07-12,27.0
2006-07-13,9.0
2006-07-14,31.545454545454543
2006-07-15,7.0
2006-07-16,5.0
2006-07-17,4.0
2006-07-18,4.0
2006-07-19,4.0
2006-07-20,4.0
2006-07-21,4.0
2006-07-22,7.0
2006-07-23,5.0
2006-07-24,9.0
2006-07-25,12.272727272727275
2006-07-26,12.272727272727275
2006-07-27,22.454545454545457
2006-07-28,80.0
2006-07-29,7.0
2006-07-30,7.0
2006-07-31,27.0
2006-08-01,18.0
2006-08-02,15.0
2006-08-03,12.272727272727275
2006-08-04,4.0
2006-08-05,5.0
2006-08-06,5.0
2006-08-07,68.18181818181819
2006-08-08,18.0
2006-08-09,18.0
2006-08-10,15.0
2006-08-11,7.0
2006-08-12,9.0
2006-08-13,4.0
2006-08-14,5.0
2006-08-15,5.0
2006-08-16,4.0
2006-08-17,7.0
2006-08-18,22.454545454545457
2006-08-19,80.0
2006-08-20,80.0
2006-08-21,31.545454545454543
2006-08-22,48.0
2006-08-23,12.272727272727275
2006-08-24,7.0
2006-08-25,4.0
2006-08-26,5.0
2006-08-27,39.81818181818183
2006-08-28,22.454545454545457
2006-08-29,12.272727272727275
2006-08-30,9.0
2006-08-31,12.272727272727275
2006-09-01,31.545454545454543
2006-09-02,12.272727272727275
2006-09-03,9.0
2006-09-04,68.18181818181819
2006-09-05,15.0
2006-09-06,9.0
2006-09-07,18.0
2006-09-08,5.0
2006-09-09,5.0
2006-09-10,7.0
2006-09-11,15.0
2006-09-12,7.0
2006-09-13,12.272727272727275
2006-09-14,9.0
2006-09-15,2.0
2006-09-16,7.0
2006-09-17,27.0
2006-09-18,39.81818181818183
2006-09-19,22.454545454545457
2006-09-20,7.0
2006-09-21,4.0
2006-09-22,4.0
2006-09-23,48.0
2006-09-24,48.0
2006-09-25,18.0
2006-09-26,12.272727272727275
2006-09-27,7.0
2006-09-28,5.0
2006-09-29,7.0
2006-09-30,27.0
2006-10-01,48.0
2006-10-02,9.0
2006-10-03,12.272727272727275
2006-10-04,9.0
2006-10-05,5.0
2006-10-06,5.0
2006-10-07,27.0
2006-10-08,12.272727272727275
2006-10-09,12.272727272727275
2006-10-10,4.0
2006-10-11,4.0
2006-10-12,9.0
2006-10-13,55.272727272727266
2006-10-14,31.545454545454543
2006-10-15,18.0
2006-10-16,9.0
2006-10-17,5.0
2006-10-18,7.0
2006-10-19,5.0
2006-10-20,18.0
2006-10-21,31.545454545454543
2006-10-22,27.0
2006-10-23,7.0
2006-10-24,7.0
2006-10-25,9.0
2006-10-26,4.0
2006-10-27,9.0
2006-10-28,39.81818181818183
2006-10-29,31.545454545454543
2006-10-30,22.454545454545457
2006-10-31,9.0
2006-11-01,7.0
2006-11-02,15.0
2006-11-03,18.0
2006-11-04,12.272727272727275
2006-11-05,7.0
2006-11-06,5.0
2006-11-07,0.0
2006-11-08,4.0
2006-11-09,39.81818181818183
2006-11-10,80.0
2006-11-11,27.0
2006-11-12,15.0
2006-11-13,4.0
2006-11-14,15.0
2006-11-15,12.272727272727275
2006-11-16,31.545454545454543
2006-11-17,12.272727272727275
2006-11-18,4.0
2006-11-19,7.0
2006-11-20,4.0
2006-11-21,4.0
2006-11-22,15.0
2006-11-23,27.0
2006-11-24,31.545454545454543
2006-11-25,27.0
2006-11-26,18.0
2006-11-27,15.0
2006-11-28,9.0
2006-11-29,22.454545454545457
2006-11-30,55.272727272727266
2006-12-01,12.272727272727275
2006-12-02,4.0
2006-12-03,7.0
2006-12-04,2.0
2006-12-05,9.0
2006-12-06,39.81818181818183
2006-12-07,48.0
2006-12-08,48.0
2006-12-09,22.454545454545457
2006-12-10,27.0
2006-12-11,31.545454545454543
2006-12-12,55.272727272727266
2006-12-13,18.0
2006-12-14,181.54545454545456
2006-12-15,233.36363636363643
2006-12-16,18.0
2006-12-17,15.0
2006-12-18,31.545454545454543
2006-12-19,18.0
2006-12-20,39.81818181818183
2006-12-21,39.81818181818183
2006-12-22,31.545454545454543
2006-12-23,27.0
2006-12-24,18.0
2006-12-25,18.0
2006-12-26,7.0
2006-12-27,4.0
2006-12-28,5.0
2006-12-29,4.0
2006-12-30,4.0
2006-12-31,4.0
2007-01-01,22.454545454545457
2007-01-02,39.81818181818183
2007-01-03,31.545454545454543
2007-01-04,27.0
2007-01-05,15.0
2007-01-06,12.272727272727275
2007-01-07,4.0
2007-01-08,5.0
2007-01-09,7.0
2007-01-10,12.272727272727275
2007-01-11,9.0
2007-01-12,15.0
2007-01-13,0.0
2007-01-14,7.0
2007-01-15,48.0
2007-01-16,39.81818181818183
2007-01-17,39.81818181818183
2007-01-18,27.0
2007-01-19,31.545454545454543
2007-01-20,15.0
2007-01-21,15.0
2007-01-22,7.0
2007-01-23,7.0
2007-01-24,4.0
2007-01-25,7.0
2007-01-26,4.0
2007-01-27,7.0
2007-01-28,9.0
2007-01-29,55.272727272727266
2007-01-30,31.545454545454543
2007-01-31,27.0
2007-02-01,15.0
2007-02-02,7.0
2007-02-03,7.0
2007-02-04,4.0
2007-02-05,7.0
2007-02-06,12.272727272727275
2007-02-07,22.454545454545457
2007-02-08,18.0
2007-02-09,12.272727272727275
2007-02-10,7.0
2007-02-11,7.0
2007-02-12,15.0
2007-02-13,68.18181818181819
2007-02-14,31.545454545454543
2007-02-15,31.545454545454543
2007-02-16,15.0
2007-02-17,12.272727272727275
2007-02-18,7.0
2007-02-19,7.0
2007-02-20,4.0
2007-02-21,4.0
2007-02-22,7.0
2007-02-23,7.0
2007-02-24,7.0
2007-02-25,7.0
2007-02-26,18.0
2007-02-27,27.0
2007-02-28,31.545454545454543
2007-03-01,31.545454545454543
2007-03-02,7.0
2007-03-03,4.0
2007-03-04,7.0
2007-03-05,22.454545454545457
2007-03-06,39.81818181818183
2007-03-07,22.454545454545457
2007-03-08,12.272727272727275
2007-03-09,4.0
2007-03-10,7.0
2007-03-11,12.272727272727275
2007-03-12,22.454545454545457
2007-03-13,48.0
2007-03-14,18.0
2007-03-15,18.0
2007-03-16,27.0
2007-03-17,15.0
2007-03-18,5.0
2007-03-19,4.0
2007-03-20,2.0
2007-03-21,4.0
2007-03-22,5.0
2007-03-23,18.0
2007-03-24,39.81818181818183
2007-03-25,31.545454545454543
2007-03-26,31.545454545454543
2007-03-27,18.0
2007-03-28,15.0
2007-03-29,5.0
2007-03-30,12.272727272727275
2007-03-31,7.0
2007-04-01,48.0
2007-04-02,48.0
2007-04-03,22.454545454545457
2007-04-04,18.0
2007-04-05,5.0
2007-04-06,7.0
2007-04-07,12.272727272727275
2007-04-08,7.0
2007-04-09,22.454545454545457
2007-04-10,12.272727272727275
2007-04-11,9.0
2007-04-12,22.454545454545457
2007-04-13,4.0
2007-04-14,9.0
2007-04-15,7.0
2007-04-16,2.0
2007-04-17,18.0
2007-04-18,18.0
2007-04-19,12.272727272727275
2007-04-20,5.0
2007-04-21,4.0
2007-04-22,12.272727272727275
2007-04-23,48.0
2007-04-24,7.0
2007-04-25,9.0
2007-04-26,12.272727272727275
2007-04-27,48.0
2007-04-28,39.81818181818183
2007-04-29,39.81818181818183
2007-04-30,31.545454545454543
2007-05-01,12.272727272727275
2007-05-02,4.0
2007-05-03,7.0
2007-05-04,4.0
2007-05-05,4.0
2007-05-06,4.0
2007-05-07,48.0
2007-05-08,27.0
2007-05-09,7.0
2007-05-10,9.0
2007-05-11,4.0
2007-05-12,4.0
2007-05-13,5.0
2007-05-14,5.0
2007-05-15,5.0
2007-05-16,5.0
2007-05-17,12.272727272727275
2007-05-18,31.545454545454543
2007-05-19,18.0
2007-05-20,12.272727272727275
2007-05-21,15.0
2007-05-22,31.545454545454543
2007-05-23,55.272727272727266
2007-05-24,68.18181818181819
2007-05-25,27.0
2007-05-26,22.454545454545457
2007-05-27,15.0
2007-05-28,9.0
2007-05-29,7.0
2007-05-30,5.0
2007-05-31,7.0
2007-06-01,9.0
2007-06-02,7.0
2007-06-03,27.0
2007-06-04,12.272727272727275
2007-06-05,4.0
2007-06-06,4.0
2007-06-07,4.0
2007-06-08,12.272727272727275
2007-06-09,7.0
2007-06-10,15.0
2007-06-11,4.0
2007-06-12,4.0
2007-06-13,18.0
2007-06-14,31.545454545454543
2007-06-15,12.272727272727275
2007-06-16,9.0
2007-06-17,9.0
2007-06-18,7.0
2007-06-19,9.0
2007-06-20,5.0
2007-06-21,27.0
2007-06-22,18.0
2007-06-23,15.0
2007-06-24,9.0
2007-06-25,5.0
2007-06-26,5.0
2007-06-27,7.0
2007-06-28,7.0
2007-06-29,27.0
2007-06-30,7.0
2007-07-01,5.0
2007-07-02,4.0
2007-07-03,22.454545454545457
2007-07-04,31.545454545454543
2007-07-05,7.0
2007-07-06,7.0
2007-07-07,7.0
2007-07-08,7.0
2007-07-09,2.0
2007-07-10,18.0
2007-07-11,48.0
2007-07-12,9.0
2007-07-13,12.272727272727275
2007-07-14,55.272727272727266
2007-07-15,31.545454545454543
2007-07-16,5.0
2007-07-17,5.0
2007-07-18,4.0
2007-07-19,4.0
2007-07-20,27.0
2007-07-21,22.454545454545457
2007-07-22,4.0
2007-07-23,5.0
2007-07-24,4.0
2007-07-25,4.0
2007-07-26,22.454545454545457
2007-07-27,15.0
2007-07-28,7.0
2007-07-29,22.454545454545457
2007-07-30,15.0
2007-07-31,7.0
2007-08-01,22.454545454545457
2007-08-02,7.0
2007-08-03,5.0
2007-08-04,4.0
2007-08-05,4.0
2007-08-06,68.18181818181819
2007-08-07,48.0
2007-08-08,12.272727272727275
2007-08-09,5.0
2007-08-10,31.545454545454543
2007-08-11,18.0
2007-08-12,7.0
2007-08-13,4.0
2007-08-14,9.0
2007-08-15,12.272727272727275
2007-08-16,7.0
2007-08-17,7.0
2007-08-18,7.0
2007-08-19,12.272727272727275
2007-08-20,4.0
2007-08-21,7.0
2007-08-22,7.0
2007-08-23,4.0
2007-08-24,4.0
2007-08-25,15.0
2007-08-26,27.0
2007-08-27,27.0
2007-08-28,22.454545454545457
2007-08-29,7.0
2007-08-30,7.0
2007-08-31,12.272727272727275
2007-09-01,22.454545454545457
2007-09-02,39.81818181818183
2007-09-03,12.272727272727275
2007-09-04,7.0
2007-09-05,18.0
2007-09-06,27.0
2007-09-07,31.545454545454543
2007-09-08,7.0
2007-09-09,4.0
2007-09-10,4.0
2007-09-11,4.0
2007-09-12,4.0
2007-09-13,4.0
2007-09-14,9.0
2007-09-15,7.0
2007-09-16,5.0
2007-09-17,7.0
2007-09-18,15.0
2007-09-19,7.0
2007-09-20,27.0
2007-09-21,22.454545454545457
2007-09-22,22.454545454545457
2007-09-23,31.545454545454543
2007-09-24,22.454545454545457
2007-09-25,12.272727272727275
2007-09-26,7.0
2007-09-27,48.0
2007-09-28,48.0
2007-09-29,48.0
2007-09-30,22.454545454545457
2007-10-01,12.272727272727275
2007-10-02,15.0
2007-10-03,27.0
2007-10-04,22.454545454545457
2007-10-05,15.0
2007-10-06,5.0
2007-10-07,4.0
2007-10-08,4.0
2007-10-09,2.0
2007-10-10,4.0
2007-10-11,4.0
2007-10-12,9.0
2007-10-13,5.0
2007-10-14,7.0
2007-10-15,7.0
2007-10-16,5.0
2007-10-17,4.0
2007-10-18,22.454545454545457
2007-10-19,22.454545454545457
2007-10-20,27.0
2007-10-21,7.0
2007-10-22,15.0
2007-10-23,18.0
2007-10-24,5.0
2007-10-25,39.81818181818183
2007-10-26,22.454545454545457
2007-10-27,22.454545454545457
2007-10-28,15.0
2007-10-29,39.81818181818183
2007-10-30,27.0
2007-10-31,7.0
2007-11-01,12.272727272727275
2007-11-02,5.0
2007-11-03,4.0
2007-11-04,9.0
2007-11-05,5.0
2007-11-06,4.0
2007-11-07,2.0
2007-11-08,5.0
2007-11-09,7.0
2007-11-10,7.0
2007-11-11,4.0
2007-11-12,7.0
2007-11-13,15.0
2007-11-14,15.0
2007-11-15,12.272727272727275
2007-11-16,18.0
2007-11-17,18.0
2007-11-18,7.0
2007-11-19,12.272727272727275
2007-11-20,55.272727272727266
2007-11-21,27.0
2007-11-22,22.454545454545457
2007-11-23,27.0
2007-11-24,27.0
2007-11-25,18.0
2007-11-26,15.0
2007-11-27,12.272727272727275
2007-11-28,9.0
2007-11-29,7.0
2007-11-30,5.0
2007-12-01,15.0
2007-12-02,4.0
2007-12-03,2.0
2007-12-04,2.0
2007-12-05,7.0
2007-12-06,5.0
2007-12-07,4.0
2007-12-08,4.0
2007-12-09,7.0
2007-12-10,31.545454545454543
2007-12-11,22.454545454545457
2007-12-12,18.0
2007-12-13,12.272727272727275
2007-12-14,7.0
2007-12-15,4.0
2007-12-16,9.0
2007-12-17,27.0
2007-12-18,27.0
2007-12-19,18.0
2007-12-20,27.0
2007-12-21,18.0
2007-12-22,18.0
2007-12-23,9.0
2007-12-24,5.0
2007-12-25,4.0
2007-12-26,4.0
2007-12-27,7.0
2007-12-28,15.0
2007-12-29,5.0
2007-12-30,7.0
2007-12-31,12.272727272727275
2008-01-01,7.0
2008-01-02,4.0
2008-01-03,4.0
2008-01-04,7.0
2008-01-05,27.0
2008-01-06,22.454545454545457
2008-01-07,27.0
2008-01-08,22.454545454545457
2008-01-09,18.0
2008-01-10,7.0
2008-01-11,7.0
2008-01-12,27.0
2008-01-13,18.0
2008-01-14,31.545454545454543
2008-01-15,15.0
2008-01-16,18.0
2008-01-17,22.454545454545457
2008-01-18,18.0
2008-01-19,22.454545454545457
2008-01-20,15.0
2008-01-21,9.0
2008-01-22,5.0
2008-01-23,9.0
2008-01-24,9.0
2008-01-25,22.454545454545457
2008-01-26,15.0
2008-01-27,7.0
2008-01-28,7.0
2008-01-29,12.272727272727275
2008-01-30,7.0
2008-01-31,15.0
2008-02-01,31.545454545454543
2008-02-02,39.81818181818183
2008-02-03,22.454545454545457
2008-02-04,12.272727272727275
2008-02-05,7.0
2008-02-06,9.0
2008-02-07,15.0
2008-02-08,18.0
2008-02-09,7.0
2008-02-10,39.81818181818183
2008-02-11,27.0
2008-02-12,15.0
2008-02-13,22.454545454545457
2008-02-14,31.545454545454543
2008-02-15,18.0
2008-02-16,18.0
2008-02-17,7.0
2008-02-18,22.454545454545457
2008-02-19,22.454545454545457
2008-02-20,15.0
2008-02-21,9.0
2008-02-22,7.0
2008-02-23,9.0
2008-02-24,5.0
2008-02-25,5.0
2008-02-26,7.0
2008-02-27,31.545454545454543
2008-02-28,31.545454545454543
2008-02-29,55.272727272727266
2008-03-01,55.272727272727266
2008-03-02,15.0
2008-03-03,9.0
2008-03-04,7.0
2008-03-05,18.0
2008-03-06,5.0
2008-03-07,5.0
2008-03-08,27.0
2008-03-09,68.18181818181819
2008-03-10,27.0
2008-03-11,27.0
2008-03-12,22.454545454545457
2008-03-13,18.0
2008-03-14,27.0
2008-03-15,18.0
2008-03-16,12.272727272727275
2008-03-17,9.0
2008-03-18,22.454545454545457
2008-03-19,15.0
2008-03-20,18.0
2008-03-21,12.272727272727275
2008-03-22,12.272727272727275
2008-03-23,18.0
2008-03-24,7.0
2008-03-25,7.0
2008-03-26,48.0
2008-03-27,48.0
2008-03-28,31.545454545454543
2008-03-29,15.0
2008-03-30,22.454545454545457
2008-03-31,7.0
2008-04-01,12.272727272727275
2008-04-02,4.0
2008-04-03,5.0
2008-04-04,31.545454545454543
2008-04-05,48.0
2008-04-06,39.81818181818183
2008-04-07,22.454545454545457
2008-04-08,15.0
2008-04-09,22.454545454545457
2008-04-10,15.0
2008-04-11,9.0
2008-04-12,18.0
2008-04-13,15.0
2008-04-14,5.0
2008-04-15,15.0
2008-04-16,27.0
2008-04-17,18.0
2008-04-18,9.0
2008-04-19,12.272727272727275
2008-04-20,7.0
2008-04-21,9.0
2008-04-22,15.0
2008-04-23,55.272727272727266
2008-04-24,22.454545454545457
2008-04-25,12.272727272727275
2008-04-26,18.0
2008-04-27,12.272727272727275
2008-04-28,22.454545454545457
2008-04-29,15.0
2008-04-30,31.545454545454543
2008-05-01,27.0
2008-05-02,39.81818181818183
2008-05-03,15.0
2008-05-04,12.272727272727275
2008-05-05,18.0
2008-05-06,27.0
2008-05-07,7.0
2008-05-08,7.0
2008-05-09,5.0
2008-05-10,7.0
2008-05-11,7.0
2008-05-12,5.0
2008-05-13,7.0
2008-05-14,4.0
2008-05-15,5.0
2008-05-16,7.0
2008-05-17,4.0
2008-05-18,7.0
2008-05-19,7.0
2008-05-20,15.0
2008-05-21,22.454545454545457
2008-05-22,18.0
2008-05-23,18.0
2008-05-24,18.0
2008-05-25,9.0
2008-05-26,5.0
2008-05-27,7.0
2008-05-28,18.0
2008-05-29,15.0
2008-05-30,22.454545454545457
2008-05-31,15.0
2008-06-01,12.272727272727275
2008-06-02,7.0
2008-06-03,7.0
2008-06-04,7.0
2008-06-05,4.0
2008-06-06,9.0
2008-06-07,18.0
2008-06-08,15.0
2008-06-09,7.0
2008-06-10,4.0
2008-06-11,5.0
2008-06-12,5.0
2008-06-13,4.0
2008-06-14,68.18181818181819
2008-06-15,31.545454545454543
2008-06-16,22.454545454545457
2008-06-17,15.0
2008-06-18,18.0
2008-06-19,12.272727272727275
2008-06-20,15.0
2008-06-21,5.0
2008-06-22,5.0
2008-06-23,7.0
2008-06-24,15.0
2008-06-25,18.0
2008-06-26,27.0
2008-06-27,18.0
2008-06-28,7.0
2008-06-29,15.0
2008-06-30,5.0
2008-07-01,7.0
2008-07-02,5.0
2008-07-03,5.0
2008-07-04,7.0
2008-07-05,12.272727272727275
2008-07-06,5.0
2008-07-07,4.0
2008-07-08,4.0
2008-07-09,4.0
2008-07-10,5.0
2008-07-11,15.0
2008-07-12,31.545454545454543
2008-07-13,15.0
2008-07-14,15.0
2008-07-15,12.272727272727275
2008-07-16,7.0
2008-07-17,9.0
2008-07-18,5.0
2008-07-19,4.0
2008-07-20,5.0
2008-07-21,7.0
2008-07-22,22.454545454545457
2008-07-23,27.0
2008-07-24,22.454545454545457
2008-07-25,5.0
2008-07-26,7.0
2008-07-27,22.454545454545457
2008-07-28,7.0
2008-07-29,5.0
2008-07-30,7.0
2008-07-31,4.0
2008-08-01,7.0
2008-08-02,4.0
2008-08-03,7.0
2008-08-04,5.0
2008-08-05,4.0
2008-08-06,5.0
2008-08-07,7.0
2008-08-08,7.0
2008-08-09,55.272727272727266
2008-08-10,22.454545454545457
2008-08-11,12.272727272727275
2008-08-12,7.0
2008-08-13,9.0
2008-08-14,15.0
2008-08-15,7.0
2008-08-16,12.272727272727275
2008-08-17,18.0
2008-08-18,39.81818181818183
2008-08-19,12.272727272727275
2008-08-20,7.0
2008-08-21,5.0
2008-08-22,5.0
2008-08-23,5.0
2008-08-24,4.0
2008-08-25,2.0
2008-08-26,4.0
2008-08-27,7.0
2008-08-28,4.0
2008-08-29,4.0
2008-08-30,4.0
2008-08-31,7.0
2008-09-01,5.0
2008-09-02,4.0
2008-09-03,15.0
2008-09-04,80.0
2008-09-05,12.272727272727275
2008-09-06,15.0
2008-09-07,18.0
2008-09-08,15.0
2008-09-09,12.272727272727275
2008-09-10,7.0
2008-09-11,7.0
2008-09-12,4.0
2008-09-13,2.0
2008-09-14,18.0
2008-09-15,27.0
2008-09-16,15.0
2008-09-17,9.0
2008-09-18,12.272727272727275
2008-09-19,7.0
2008-09-20,7.0
2008-09-21,7.0
2008-09-22,15.0
2008-09-23,5.0
2008-09-24,5.0
2008-09-25,9.0
2008-09-26,7.0
2008-09-27,7.0
2008-09-28,7.0
2008-09-29,4.0
2008-09-30,12.272727272727275
2008-10-01,12.272727272727275
2008-10-02,27.0
2008-10-03,22.454545454545457
2008-10-04,27.0
2008-10-05,9.0
2008-10-06,12.272727272727275
2008-10-07,4.0
2008-10-08,5.0
2008-10-09,2.0
2008-10-10,7.0
2008-10-11,92.72727272727272
2008-10-12,22.454545454545457
2008-10-13,15.0
2008-10-14,5.0
2008-10-15,15.0
2008-10-16,7.0
2008-10-17,4.0
2008-10-18,4.0
2008-10-19,15.0
2008-10-20,7.0
2008-10-21,7.0
2008-10-22,12.272727272727275
2008-10-23,7.0
2008-10-24,4.0
2008-10-25,4.0
2008-10-26,12.272727272727275
2008-10-27,4.0
2008-10-28,7.0
2008-10-29,31.545454545454543
2008-10-30,22.454545454545457
2008-10-31,12.272727272727275
2008-11-01,7.0
2008-11-02,7.0
2008-11-03,4.0
2008-11-04,4.0
2008-11-05,2.0
2008-11-06,4.0
2008-11-07,31.545454545454543
2008-11-08,27.0
2008-11-09,27.0
2008-11-10,7.0
2008-11-11,5.0
2008-11-12,4.0
2008-11-13,4.0
2008-11-14,4.0
2008-11-15,12.272727272727275
2008-11-16,22.454545454545457
2008-11-17,9.0
2008-11-18,4.0
2008-11-19,4.0
2008-11-20,4.0
2008-11-21,2.0
2008-11-22,2.0
2008-11-23,7.0
2008-11-24,15.0
2008-11-25,22.454545454545457
2008-11-26,22.454545454545457
2008-11-27,18.0
2008-11-28,12.272727272727275
2008-11-29,5.0
2008-11-30,4.0
2008-12-01,0.0
2008-12-02,0.0
2008-12-03,7.0
2008-12-04,18.0
2008-12-05,27.0
2008-12-06,31.545454545454543
2008-12-07,9.0
2008-12-08,5.0
2008-12-09,2.0
2008-12-10,7.0
2008-12-11,7.0
2008-12-12,5.0
2008-12-13,5.0
2008-12-14,4.0
2008-12-15,5.0
2008-12-16,12.272727272727275
2008-12-17,12.272727272727275
2008-12-18,4.0
2008-12-19,5.0
2008-12-20,4.0
2008-12-21,4.0
2008-12-22,18.0
2008-12-23,22.454545454545457
2008-12-24,12.272727272727275
2008-12-25,7.0
2008-12-26,7.0
2008-12-27,5.0
2008-12-28,4.0
2008-12-29,2.0
2008-12-30,4.0
2008-12-31,18.0
